#count	frequency	CDR3nt	CDR3aa	V	D	J	C	cid	cid_full_length
2	1.000000e+00	TGCGCCAGCGCTAGCGGGGGCCAAGAGACCCAGTACTTC	CASASGGQETQYF	TRBV5-1	.	TRBJ2-5	TRBC	assemble218	0
2	1.538462e-01	TGCATGCAAGCTAAACGATCCCCGTACAGTTTT	CMQAKRSPYSF	IGKV2-24	.	IGKJ2	IGKC	assemble18	0
2	1.538462e-01	TGCATGCAAGGTACACACTTCCCGGCCACCTTC	CMQGTHFPATF	IGKV2-30	.	IGKJ5	IGKC	assemble187	0
2	1.538462e-01	TGTCAGGCGTGGGACAGTAACACTGCGCTTTTC	CQAWDSNTALF	IGLV3-1	.	IGLJ3	IGLC	assemble403	0
1	2.500000e-01	TGTGTGAGAGAGGCAGAAACAGCTGGCAAAATATACTTCCTGTATTGG	CVREAETAGKIYFLYW	IGHV1-2	.	IGHJ1	IGHA1	assemble739	0
1	7.692308e-02	TGCAGCTCATATGGAGGCGGCAACAATGTGGTGTTC	CSSYGGGNNVVF	IGLV2-8	.	IGLJ3	IGLC	assemble824	0
1	7.692308e-02	TGTCAGCAGTATGGTAGCTCACCTCGGACGTTC	CQQYGSSPRTF	IGKV3-20	.	IGKJ1	IGKC	assemble769	0
1	7.692308e-02	TGTTCAACATGGTATGACAGCCTGAGTGGTCCCTGTCGGGTGTTC	CSTWYDSLSGPCRVF	IGLV1-47	.	IGLJ2	IGLC	assemble2836	0
1	7.692308e-02	TGCAGCTCAAAAAGAAGCATCTACAGTCTTTTC	CSSKRSIYSLF	IGLV2-8	.	.	.	assemble5301	0
1	5.000000e-01	TGTGCTGTGCAGAGTTATGGAGGAAGCCAGGGAAATCTCATCTTT	CAVQSYGGSQGNLIF	TRAV20	.	TRAJ42	TRAC	assemble91	0
1	7.692308e-02	TGTCAGCAGTATGGTAGTTCACCGTACACTTTT	CQQYGSSPYTF	IGKV3-20	.	IGKJ2	IGKC	assemble764	0
1	7.692308e-02	TGTTGCTAATATTCACGTAGTATGACTTATGTCTTC	CC_YSRSMTYVF	IGLV2-23	.	IGLJ1	IGLC	assemble4533	0
1	2.500000e-01	TGTGCGAGACTTCCCCGGGGAGCAGTGGGTGGTGACTACTGG	CARLPRGAVGGDYW	IGHV1-18	.	IGHJ4	IGHA1	assemble688	0
1	2.500000e-01	TGTGCGAGGATGTATGATGTTAGTGCCTACTTTATCTTTGACACCTGG	CARMYDVSAYFIFDTW	IGHV4-61	.	IGHJ4	.	assemble793	0
1	2.500000e-01	TGTGCGAGAGATCCCCCTGTAGTAGCAGCTGCTCTCCGTGACTTCTGG	CARDPPVVAAALRDFW	IGHV1-18	.	IGHJ4	.	assemble789	0
1	5.000000e-01	TGTGCTGTGCAGAGTTATGGAGGAAGCCAAGGAAATCTCATCTTT	CAVQSYGGSQGNLIF	TRAV20	.	TRAJ42	TRAC	assemble91	0
1	7.692308e-02	TGTCAGGTGTGGAATAACACTAGCGATCATCCCTTTGTCTTT	CQVWNNTSDHPFVF	IGLV3-21	.	IGLJ1	IGLC	assemble751	0
