#count	frequency	CDR3nt	CDR3aa	V	D	J	C	cid	cid_full_length
2	2.500000e-01	TGTCAGCAGTATAATCACTGGTCTCCGGCTTTC	CQQYNHWSPAF	IGKV3D-15	.	IGKJ4	IGKC	assemble135	0
2	2.500000e-01	TGCCTACAGTATAATAGTTACCCTCGCACTTTC	CLQYNSYPRTF	IGKV1-16	.	IGKJ4	IGKC	assemble258	0
2	6.666667e-01	TGTGCGAGACCCCCGGGTATAGCAGTGGCTGGTGCTGGGGCTTTTGAGATCTGG	CARPPGIAVAGAGAFEIW	IGHV5-51	.	IGHJ3	IGHA1	assemble252	0
1	5.000000e-01	TGTGCCAGCAGTGAAGGGCGGGTAGCCCCCGGGGAGCTGTTTTTT	CASSEGRVAPGELFF	TRBV2	.	TRBJ2-2	TRBC	assemble4179	0
1	1.250000e-01	TGTAACTCCCGGGACAGCAGTGGTAACCATGTCTTC	CNSRDSSGNHVF	IGLV3-19	.	IGLJ1	IGLC	assemble1178	0
1	1.250000e-01	TGTCAGCAGTATAATCACTGGTCTCCGGCTTTC	CQQYNHWSPAF	IGKV3-15	.	IGKJ4	IGKC	assemble822	0
1	3.333333e-01	TGTGTGAGAGATGGACTTTTGGGGGCTGGGCGCAACTTTGACTACTGG	CVRDGLLGAGRNFDYW	IGHV3-30	.	IGHJ4	.	assemble1401	0
1	1.000000e+00	TGTGCTGTGCAGGCATATTCAGGAGGAGGTGCTGACGGACTCACCTTT	CAVQAYSGGGADGLTF	TRAV20	.	TRAJ45	TRAC	assemble1269	0
1	5.000000e-01	TGTGCCAGCAGCCCCGTTGGGACCACCTACGAGCAGTACTTC	CASSPVGTTYEQYF	TRBV7-2	.	TRBJ2-7	TRBC	assemble1218	0
1	1.250000e-01	TGTCAGCAATACGGTAGCTCACCTCGGACGTTC	CQQYGSSPRTF	IGKV3-11	.	IGKJ1	IGKC	assemble819	0
1	1.250000e-01	TGTCTACAGTATAATAGTTACCCTCGCACTTTC	CLQYNSYPRTF	IGKV1OR2-108	.	IGKJ4	IGKC	assemble63	0
1	1.000000e+00	TGTGCCACCTGGGACGGGGGGGAGATTAAAGAAACTCTTT	out_of_frame	TRGV2	.	TRGJ2	TRGC	assemble2300	0
