#count	frequency	CDR3nt	CDR3aa	V	D	J	C	cid	cid_full_length
2	5.000000e-01	TGTGCCTTGTGGGCGCCACAAGAGTTGGGCAAAAAAATCAAGGTATTT	CALWAPQELGKKIKVF	TRGV9	.	TRGJP	TRGC	assemble977	0
2	5.000000e-01	TGCCACCTGGGATGGACAGATTATGATAAGAAACTCATT	CHLGWTDYDKKLI	TRGV4	.	TRGJ2	TRGC	assemble1313	0
1	1.000000e+00	TGTGCGGGGACCTACGGTGGTTTCGGCGAGGACTCCTGG	CAGTYGGFGEDSW	IGHV1-58	.	IGHJ4	.	assemble3866	0
1	3.333333e-01	TGTCAGCAATATTATTCTACCCCATGCACTTTC	CQQYYSTPCTF	IGKV4-1	.	IGKJ3	IGKC	assemble474	0
1	1.000000e+00	TGTGCTGTGAGAGACGGGGTTTCTGGTGGCTACAATAAGCTGATTTTT	CAVRDGVSGGYNKLIF	TRAV3	.	TRAJ4	TRAC	assemble1165	0
1	3.333333e-01	TGTCAACAGTATAATATCCGGCCTCCGTACACTTTT	CQQYNIRPPYTF	IGKV3D-15	.	IGKJ2	IGKC	assemble3911	0
1	1.000000e+00	TGTGCCAGCAGTGACGCGGACACTGAAGCTTTCTTT	CASSDADTEAFF	TRBV6-1	.	TRBJ1-1	TRBC	assemble1173	0
1	3.333333e-01	TGCAGCTCATATGCAGGCAGCAACAATTTAGGGGTCTTC	CSSYAGSNNLGVF	IGLV2-8	.	IGLJ1	IGLC	assemble1203	0
