#count	frequency	CDR3nt	CDR3aa	V	D	J	C	cid	cid_full_length
2	1.000000e+00	TGTCAAAAGTTTAACAGTGCCCCTCCGTACACTTTT	CQKFNSAPPYTF	IGKV1-27	.	IGKJ2	IGKC	assemble588	0
1	3.333333e-01	TGTGGCTCATCTCCCGGGGCGCTTGGAAATGAGAAATTAACCTTT	CGSSPGALGNEKLTF	TRAV12-2	.	TRAJ48	.	assemble974	0
1	1.000000e+00	TGTGCCAGCATCCAAGGGGCCAACCAAGAGACCCAGTACTTC	CASIQGANQETQYF	TRBV7-2	.	TRBJ2-5	TRBC	assemble125	0
1	1.000000e+00	TGTGCAAAAGCCCCCGAAGGATACAGCAGTAGCTGCCTCGACTACTGG	CAKAPEGYSSSCLDYW	IGHV3-20	.	IGHJ4	.	assemble927	0
1	3.333333e-01	TGTGCTGTGACCCCCTTTTCTGGTGGCTACAATAAGCCGATTTTT	CAVTPFSGGYNKPIF	TRAV8-4	.	TRAJ4	.	assemble3306	0
1	3.333333e-01	TGTGCCGTGAAGCGGAGCAACTTCAACAAATTTTACTTT	CAVKRSNFNKFYF	TRAV12-2	.	TRAJ21	.	assemble1419	0
