#count	frequency	CDR3nt	CDR3aa	V	D	J	C	cid	cid_full_length
9	5.647059e-01	TGTGCGAGACATGAATACGGGCGTGGTTACGTATATTGG	CARHEYGRGYVYW	IGHV4-39	.	IGHJ5	IGHG1	assemble4	0
8	2.962963e-01	TGTCAGCAGCGTAGCAACTCTTTCACTTTC	CQQRSNSFTF	IGKV3-11	.	IGKJ3	IGKC	assemble18	0
6	2.222222e-01	TGCCAAGAGTATACTGGTCCCACGCACACTTTT	CQEYTGPTHTF	IGKV1-5	.	IGKJ2	IGKC	assemble9	0
2	1.411765e-01	TGTGCGAGTCATGAATACGGGCGTGGTTACGTATATTGG	CASHEYGRGYVYW	IGHV4-39	.	IGHJ5	IGHG1	assemble4	0
2	7.407407e-02	TGTCAGCAGTATAATAACTGGCCTCGGCTCACTTTC	CQQYNNWPRLTF	IGKV3D-15	.	IGKJ4	IGKC	assemble180	0
2	7.407407e-02	TGCTGCTCATATAGAGGCAGTAGAAATATAGTCTTC	CCSYRGSRNIVF	IGLV2-23	.	.	.	assemble256	0
2	7.407407e-02	TGCATGCAACGTTTTCAGTTTCCGATCACCTTC	CMQRFQFPITF	IGKV2-40	.	IGKJ5	IGKC	assemble407	0
2	7.407407e-02	TGCCAGCAGTATAGCAGTTCTTCTCAAACGTTC	CQQYSSSSQTF	IGKV1-5	.	IGKJ1	IGKC	assemble1194	0
2	7.407407e-02	TGTCAACAGGGTCTCAGTTTCCCACTCACTTTC	CQQGLSFPLTF	IGKV1-17	.	IGKJ4	IGKC	assemble148	0
2	1.176471e-01	TGTGCGAGAGATGCGGGAGTACTCGGTTCAGAGTACTCCTACGGTATGGACGTCTGG	CARDAGVLGSEYSYGMDVW	IGHV3-53	.	IGHJ6	IGHG1	assemble286	0
1	5.882353e-02	TGTGCGAGAGACTACGGTGACTACGTTGGTAGGTTCGACCCCTGG	CARDYGDYVGRFDPW	IGHV4-4	.	IGHJ5	.	assemble2993	0
1	3.703704e-02	TGCATGCAAGCTCTACAACCTCGGACTTTT	CMQALQPRTF	IGKV2-28	.	IGKJ2	IGKC	assemble131	0
1	3.703704e-02	TGTCAACAGGGTAGCAGTTTCCCACTCACTTTC	CQQGSSFPLTF	IGKV1-12	.	IGKJ4	IGKC	assemble779	0
1	5.000000e-01	TGTGCTCTAGACCTACCTTCCTTGAGGGGCTGGGAGTTACCAACTCACTTTC	out_of_frame	TRAV6	.	TRAJ28	.	assemble780	0
1	5.882353e-02	TGTGTTAGCCATGCGCCGGTGACTACGATTTGG	CVSHAPVTTIW	IGHV3-49	.	IGHJ4	.	assemble768	0
1	5.000000e-01	TGTGCCAGCAGCCCAGGGGATCCGGAGGGGGAGCAGTACTTC	CASSPGDPEGEQYF	TRBV28	.	TRBJ2-7	TRBC	assemble783	0
1	5.882353e-02	TGTGCAAAAGTGCGTGGCTTCCGGAGCGGTATGGACGTCTGG	CAKVRGFRSGMDVW	IGHV3-20	.	IGHJ6	.	assemble213	0
1	5.000000e-01	TGTGCTGTCCATAATGCAGGCAACATGCTCACCTTT	CAVHNAGNMLTF	TRAV36DV7	.	TRAJ39	TRAC	assemble773	0
1	3.703704e-02	TGTCAGCAGTATGGTAGCTCACCTCCGTGGACGTTC	CQQYGSSPPWTF	IGKV3-20	.	IGKJ1	IGKC	assemble775	0
1	5.000000e-01	TGTGCCAGCAGGAAGGTGACTAGCGGGCACAATGAGCAGTTCTTC	CASRKVTSGHNEQFF	TRBV27	.	TRBJ2-1	TRBC	assemble785	0
