#count	frequency	CDR3nt	CDR3aa	V	D	J	C	cid	cid_full_length
3	2.142857e-01	TGTGCGCGGAGATCGTCATTTGCCTACTACGCAATGGGCGCCTGG	CARRSSFAYYAMGAW	IGHV1-3	.	IGHJ6	IGHG1	assemble1023	0
2	1.428571e-01	TGTGCGAGACAGAACATAGATGCCTACAACACCTTTGACTACTGG	CARQNIDAYNTFDYW	IGHV4-39	.	IGHJ4	IGHG1	assemble434	0
2	1.428571e-01	TGTCAGACCTGGGGCACTGCCATGTGGGTGTTC	CQTWGTAMWVF	IGLV4-69	.	IGLJ3	IGLC	assemble449	0
2	1.428571e-01	TGTGTGTGGATTCGTGGCGGCTACTGG	CVWIRGGYW	IGHV3-48	.	IGHJ4	IGHG1	assemble454	0
2	1.428571e-01	TGTGCTAGAGCGGATATGGTTACATTTGTTCCCGAGTACTTTGACTACTGG	CARADMVTFVPEYFDYW	IGHV3-72	.	IGHJ4	IGHA1	assemble288	0
2	1.428571e-01	TGCCAGTCCTATGACAGCAGCCTGAGTGGTTGGGTGTTC	CQSYDSSLSGWVF	IGLV1-40	.	IGLJ3	IGLC	assemble1774	0
1	7.142857e-02	TGTGCGTGAGAATGGCGTTCATGGAGTTATTACCTTGACTATTGG	CA_EWRSWSYYLDYW	.	.	IGHJ4	.	assemble10138	0
1	7.142857e-02	TGTCAGCAACATTATAGTGATCTCTGGACGTTC	CQQHYSDLWTF	IGKV4-1	.	IGKJ1	IGKC	assemble2405	0
1	7.142857e-02	TGCATGCAAGCTCTACAAACTCCTAGGACGTTC	CMQALQTPRTF	IGKV2-28	.	IGKJ1	IGKC	assemble1545	0
1	7.142857e-02	TGCAGCTCATATACAGGCAGCCATGTGGTATTC	CSSYTGSHVVF	IGLV2-14	.	IGLJ2	IGLC	assemble1547	0
1	7.142857e-02	TGTCAGCAATATTATAGTACTTCGTGGACGTTC	CQQYYSTSWTF	IGKV4-1	.	IGKJ1	IGKC	assemble1572	0
1	7.142857e-02	TGTCAACAGCTTAATAATTACCCTCCCTACACTTTT	CQQLNNYPPYTF	IGKV1-9	.	IGKJ2	IGKC	assemble1381	0
1	7.142857e-02	TGTGCGAAAAAGGTGGCTGGTACGTACCGCTACTTTGACTACTGG	CAKKVAGTYRYFDYW	IGHV3-30	.	IGHJ4	.	assemble8366	0
1	7.142857e-02	TGTGCATCATGGGATGACAGTCTGAGTGGTCCGGTGTTC	CASWDDSLSGPVF	IGLV1-47	.	IGLJ3	IGLC	assemble5179	0
1	7.142857e-02	TGTGCCAGAGCGCGACTATACAACTATGAACATGACTACTGG	CARARLYNYEHDYW	IGHV4-31	.	IGHJ4	.	assemble2463	0
1	7.142857e-02	TGCGGAACATGGGATAGCAGCCTGAGTGCTTATGTCTTC	CGTWDSSLSAYVF	IGLV1-51	.	IGLJ1	IGLC	assemble5175	0
1	7.142857e-02	TGCTCGCAAACTCTACAAACTCCCCTCACTTTC	CSQTLQTPLTF	IGKV2-28	.	IGKJ4	IGKC	assemble2520	0
1	7.142857e-02	TGTCTACAAGATTACCGTCACCCTTTCACTTTC	CLQDYRHPFTF	IGKV1-6	.	IGKJ3	IGKC	assemble60	0
1	1.000000e+00	TGTGCCACCTGGGATAGAAGTTCTCCCAATAAGAAACTCTTT	CATWDRSSPNKKLF	TRGV8	.	TRGJ2	TRGC	assemble5279	0
1	7.142857e-02	TTAGTGTGGATTCGTGGCGGCTACAGG	LVWIRGGYR	IGHV3-48	.	IGHJ4	IGHG1	assemble454	0
1	7.142857e-02	TGTACCACAGATCACCTGTATTACGATTTTTGGAGTGGTCACGGTATGGACGTCTGG	CTTDHLYYDFWSGHGMDVW	IGHV3-15	.	.	.	assemble1612	0
1	7.142857e-02	TGCCAACAGTATGATAGTTTTTCTCCCTGGACGTTC	CQQYDSFSPWTF	IGKV1-5	.	IGKJ1	IGKC	assemble420	0
