#count	frequency	CDR3nt	CDR3aa	V	D	J	C	cid	cid_full_length
4	3.076923e-01	TGCAGTGCTAGAGTACGGGAGGGCCTGGACAATGAGCAGTTCTTC	CSARVREGLDNEQFF	TRBV20-1	.	TRBJ2-1	TRBC	assemble8	0
4	4.000000e-01	TGTCAGCAGTCTAATAACTGGCCTCGGACTTTT	CQQSNNWPRTF	IGKV3-15	.	IGKJ2	IGKC	assemble43	0
3	2.307692e-01	TGTGCCATCAGTGGCACAGGGGGTATGAACACTGAAGCTTTCTTT	CAISGTGGMNTEAFF	TRBV10-3	.	TRBJ1-1	TRBC	assemble139	0
2	2.000000e-01	TGCTGCTCATATGCAGGCAGCCACACTTTCGTGTTC	CCSYAGSHTFVF	IGLV2-18	.	IGLJ3	IGLC	assemble322	0
2	1.538462e-01	TGTGCCAGCAGCAGGGACACCGAGGGCTACAATGAGCAGTTCTTC	CASSRDTEGYNEQFF	TRBV2	.	TRBJ2-1	TRBC	assemble106	0
1	1.000000e-01	TGCAGCTCATATACAAGCAGCAGCACTTATGTCTTC	CSSYTSSSTYVF	IGLV2-14	.	IGLJ1	IGLC	assemble3292	0
1	3.333333e-01	TGTGCGAAAGGACCACGATTTTTGGAGTGGGAGAACTACTTTGACTACTGG	CAKGPRFLEWENYFDYW	IGHV3-23	.	IGHJ4	IGHM	assemble332	0
1	1.000000e+00	TGTGCCACCTGGGACGAATTATTATAAGAAACTCTTT	out_of_frame	TRGV7	.	TRGJ2	TRGC	assemble999	0
1	7.692308e-02	TGTGCCAGCAGCTCGGGACAGGGGAAACGCGAGCAGTACTTC	CASSSGQGKREQYF	TRBV5-4	.	TRBJ2-7	TRBC	assemble1039	0
1	1.000000e-01	TGCAGCTCATTCACAGTCTACACCACTGTCGTCTTC	CSSFTVYTTVVF	IGLV2-14	.	IGLJ1	IGLC	assemble1022	0
1	7.692308e-02	TGTGCCAGCAGCCCAAACGGTCATGTCAGCAACACAGATACGCAGTATTTT	CASSPNGHVSNTDTQYF	TRBV6-6	.	TRBJ2-3	TRBC	assemble900	0
1	1.666667e-01	TGTGCAGGGCCCAAAAGGGCCAGACTCATGTTT	CAGPKRARLMF	TRAV25	.	TRAJ31	TRAC	assemble382	0
1	7.692308e-02	TGTGCCACCCTACGAGCAGTACTTC	out_of_frame	TRBV21-1	.	TRBJ2-7	TRBC	assemble4011	0
1	3.333333e-01	TGTGCGAGAGCCCTTCTCCAGTCGCTATGGGGCGTGAGGCACGGTATGGACGTCTGG	CARALLQSLWGVRHGMDVW	IGHV4-34	.	IGHJ6	.	assemble1019	0
1	3.333333e-01	TGTGCGAGAGGGGAATATACCAGTTCGGGCAGGAGGGATGATGCTTTTGATATCTGG	CARGEYTSSGRRDDAFDIW	IGHV4-55	.	IGHJ3	.	assemble2530	0
1	1.666667e-01	TGTGCAGCAAGTACCCGGTAGTGGAGGTAGCAACTATAAACTGACATTT	out_of_frame	TRAV13-1	.	TRAJ53	.	assemble1011	0
1	1.666667e-01	TGTGCTCTAACCTGGAGCCAATAGTAAGCTGACATTT	out_of_frame	TRAV16	.	TRAJ56	.	assemble2592	0
1	7.692308e-02	TGCGCCAGCAGCTTGGCCCAGGGGACGGCTACACCTTC	out_of_frame	TRBV5-1	.	TRBJ1-2	TRBC	assemble1012	0
1	1.666667e-01	TGTGCAATGAGAGAGGGCGTCTATGGTCAGAATTTTGTCTTT	CAMREGVYGQNFVF	TRAV14DV4	.	TRAJ26	.	assemble1046	0
1	1.666667e-01	TGTGCTGTTATTCAGGGCAGGAGAGCACTTACTTTT	CAVIQGRRALTF	TRAV21	.	TRAJ5	TRAC	assemble1062	0
1	1.000000e-01	TGTCAGCAGTATAATAACTGGCCTCCGCTCACTTTC	CQQYNNWPPLTF	IGKV3D-15	.	IGKJ4	IGKC	assemble1002	0
1	1.000000e-01	TGCGGAACATGGGATAGCAGCCTAAGTGCTTGGGTGTTC	CGTWDSSLSAWVF	IGLV1-51	.	IGLJ3	IGLC	assemble6591	0
1	1.666667e-01	TGTGCTCTGAGGGGGAAAGCTGCAGGCAACAAGCTAACTTTT	CALRGKAAGNKLTF	TRAV19	.	TRAJ17	.	assemble313	0
