#count	frequency	CDR3nt	CDR3aa	V	D	J	C	cid	cid_full_length
2	2.857143e-01	TGTCAACAGAGTGACAGTCCCCCGATCACCTTC	CQQSDSPPITF	IGKV1-39	.	IGKJ5	IGKC	assemble101	0
2	2.857143e-01	TGCCAACACTATTATAATTACCCGCTCACTTTC	CQHYYNYPLTF	IGKV1-16	.	IGKJ4	IGKC	assemble246	0
1	1.428571e-01	TGTCAACAGCTTCATAGTTACCCTCCGTGGACGTTC	CQQLHSYPPWTF	IGKV1-9	.	IGKJ1	IGKC	assemble812	0
1	1.428571e-01	TGCATCTCATATACAGGCAGTGACATTTTTTATGTCTTC	CISYTGSDIFYVF	IGLV2-8	.	IGLJ1	IGLC	assemble3108	0
1	5.000000e-01	TGTGCACACAGTCCGGACGGTGACTACGCCTACTACTTTAGTTCCTGG	CAHSPDGDYAYYFSSW	IGHV2-5	.	IGHJ5	.	assemble816	0
1	1.428571e-01	TGCCAACAGTATAATAGTTATTCTCGAACGTTC	CQQYNSYSRTF	IGKV1-5	.	IGKJ1	IGKC	assemble471	0
1	1.000000e+00	TGTGCCAGTAGTATCGGGATAGCAGATACGCAGTATTTT	CASSIGIADTQYF	TRBV19	.	TRBJ2-3	TRBC	assemble811	0
1	5.000000e-01	TGTGCCACCTATGGTTCGGGAGTTAGCTGGTTCGACCCCTGG	CATYGSGVSWFDPW	IGHV4-31	.	IGHJ5	IGHA1	assemble318	0
