#count	frequency	CDR3nt	CDR3aa	V	D	J	C	cid	cid_full_length
3	3.333333e-01	TGTGCGAGATCCTGGTATAGCAGCGGTACCTTTGACAACTGG	CARSWYSSGTFDNW	IGHV4-55	.	IGHJ4	IGHA1	assemble1162	0
2	2.222222e-01	TGTTCGAGACGGGCGGGGGAATTGGAACCCTTTGACTCCTGG	CSRRAGELEPFDSW	IGHV3-21	.	IGHJ4	IGHM	assemble707	0
1	1.111111e-01	TGTGCCACAGAGACAACTGGTAGTTTTGACTACTGG	CATETTGSFDYW	IGHV3-15	.	IGHJ4	IGHM	assemble1286	0
1	1.666667e-01	TGCATGCAAGCTGCACAATTTCCTCACACTTTT	CMQAAQFPHTF	IGKV2-24	.	IGKJ2	IGKC	assemble60	0
1	1.111111e-01	TGTGCGAAGAAAGACTACGGTGAAGACGCTGGGCCCCCCCTTCTTGACACCTGG	CAKKDYGEDAGPPLLDTW	IGHV3-23	.	IGHJ5	IGHG2	assemble533	0
1	2.500000e-01	TGTGCTCCCGAAGGAACAGAGGCTCAACCCTGGGGAGGCTATACTTT	out_of_frame	TRAV8-6	.	TRAJ18	.	assemble1281	0
1	2.500000e-01	TGTGCAATGAGCGCATCTCAGGAACCTACAAATACATCTTT	out_of_frame	TRAV12-3	.	TRAJ40	.	assemble379	0
1	2.500000e-01	TGTGCAATGAGCGCATCTCCGGAACCTACAAATACATCTTT	out_of_frame	TRAV12-3	.	TRAJ40	.	assemble379	0
1	1.111111e-01	TGTGCGACAGATGCGGGGGGAAAACCTTTTGATATCTGG	CATDAGGKPFDIW	IGHV3-11	.	IGHJ3	.	assemble4563	0
1	1.666667e-01	TGCAGTTCATATGCAGGCAGCAACAATTGG	CSSYAGSNNW	IGLV2-8	.	IGLJ3	IGLC	assemble632	0
1	1.000000e+00	TGTGCCAGCATTTAAGTACTCTCGGGGGCGGGCAGCCCCAGCATTTT	out_of_frame	TRBV6-6	.	TRBJ1-5	TRBC	assemble4603	0
1	1.666667e-01	TGTCAATCAGGAGACTACGATACTCTTGTCGTATTC	CQSGDYDTLVVF	IGLV3-25	.	IGLJ2	IGLC	assemble4276	0
1	1.666667e-01	TGTCAGCACTATGGTAGCTCACCTCTGATCACCTTC	CQHYGSSPLITF	IGKV3-20	.	IGKJ5	IGKC	assemble1236	0
1	2.500000e-01	TGTGCAGAGAATTTCCCAGGAGGAAGCTACATACCTACATTT	CAENFPGGSYIPTF	TRAV13-2	.	TRAJ6	.	assemble9454	0
1	1.666667e-01	TGCCAACAGTATGATAGTTTCCCGTGGACGTTC	CQQYDSFPWTF	IGKV1D-8	.	IGKJ1	IGKC	assemble1004	0
1	1.111111e-01	TGTGCGAGAGGGCTCCCTTGGGAGATGCCTGATTACTGG	CARGLPWEMPDYW	IGHV4-59	.	IGHJ4	IGHG2	assemble605	0
1	1.666667e-01	TGTCAGCAATTTGGTAGCTCACCTAGGACGTTC	CQQFGSSPRTF	IGKV3D-20	.	IGKJ1	IGKC	assemble1293	0
