#count	frequency	CDR3nt	CDR3aa	V	D	J	C	cid	cid_full_length
8	4.444444e-01	TGCATGCAAGGTACACACTGGCCGTACACTTTT	CMQGTHWPYTF	IGKV2-30	.	IGKJ2	IGKC	assemble13	0
6	4.000000e-01	TGTGCCAGAGATGGCCCACATTGG	CARDGPHW	IGHV4-61	.	IGHJ5	IGHM	assemble27	0
2	1.111111e-01	TGCACCTCATTTAGAAGTAGTAGCACTCTCGTGGTTTTC	CTSFRSSSTLVVF	IGLV2-14	.	IGLJ2	IGLC	assemble306	0
2	1.111111e-01	TGTCAGCAGTATAATAACTGGCCTCGGACGTTC	CQQYNNWPRTF	IGKV3-15	.	IGKJ1	IGKC	assemble233	0
2	1.333333e-01	TGCGCGAAAGGGGCAGCAGGTCGAAAAGTAGACTGGTTCGACACCTGG	CAKGAAGRKVDWFDTW	IGHV3-23	.	IGHJ5	IGHG2	assemble96	0
2	1.111111e-01	TGTCAAAAGTATAACAGTGCCCCGTGGACGTTC	CQKYNSAPWTF	IGKV1-27	.	IGKJ1	IGKC	assemble589	0
2	1.333333e-01	TGTGTACGATGCAGCAGCTGGTACAGGTTCTATTACATGGANGTCTGG	CVRCSSWYRFYYM?VW	IGHV2-70D	.	IGHJ6	IGHG1	assemble353	0
2	1.000000e+00	TGTGCCGCGACCGGAGGAGGTGCTGACGGACTCACCTTT	CAATGGGADGLTF	TRAV12-2	.	TRAJ45	TRAC	assemble73	0
1	5.000000e-01	TGTGCCAGCAGCCGCGACCTAGGTTATGAAGCTTTCTTT	CASSRDLGYEAFF	TRBV11-1	.	TRBJ1-1	TRBC	assemble754	0
1	5.555556e-02	TGTCAACAGAGTTACAGTTCCCCGGACACTTTT	CQQSYSSPDTF	IGKV1-39	.	IGKJ2	IGKC	assemble435	0
1	6.666667e-02	TGTGTGAGATTTTATGGTTCATGCTTTGACTCCTGG	CVRFYGSCFDSW	IGHV4-39	.	IGHJ4	IGHG1	assemble1134	0
1	5.555556e-02	TGTGGGGCGGACCATGGCAGTGCAGATAACTTCGTGTGGGTGTTC	CGADHGSADNFVWVF	IGLV9-49	.	IGLJ3	IGLC	assemble2050	0
1	5.000000e-01	TGTGCCAGCAGTTCGACAGTCGCGAACACCGGGGAGCTGTTT	CASSSTVANTGELF	TRBV27	.	TRBJ2-2	TRBC	assemble1287	0
1	6.666667e-02	TGTGCGAGAACTTACTCCCGCTTACGCTACGGTAACATGGACGTCTGG	CARTYSRLRYGNMDVW	IGHV3-21	.	IGHJ6	.	assemble165	0
1	5.555556e-02	TGTCAACATCTTAATACTTACCCTTTGACGTTC	CQHLNTYPLTF	IGKV1-9	.	IGKJ1	IGKC	assemble3160	0
1	5.555556e-02	TGCAGTTCATATACAAGCAGTATGACTGTGATATTC	CSSYTSSMTVIF	IGLV2-14	.	IGLJ2	IGLC	assemble2161	0
1	6.666667e-02	TGTGTGGCCCTCACGGCGACTGGAACTGCGAGGGGTTACCCTGCCTCCTGG	CVALTATGTARGYPASW	IGHV4-39	.	.	IGHG2	assemble762	0
1	6.666667e-02	TGTGCAAGAGGAAGATTGAATGGTTTTGATATCTGG	CARGRLNGFDIW	IGHV6-1	.	IGHJ3	IGHG2	assemble1074	0
1	6.666667e-02	TGTACCACAGATGCGTATAGCAGCAGCTGGTCCGACGGTACTTGGGACGGCTACTGG	CTTDAYSSSWSDGTWDGYW	IGHV3OR16-7	.	IGHJ4	.	assemble4118	0
