#count	frequency	CDR3nt	CDR3aa	V	D	J	C	cid	cid_full_length
7	1.842105e-01	TGTCAGCAGTATGGTGACTCACCGTACACTTTT	CQQYGDSPYTF	IGKV3-20	.	IGKJ2	IGKC	assemble6	0
5	1.315789e-01	TGCATGCAAGGTCTACAAAGTCCAGGGACGTTC	CMQGLQSPGTF	IGKV2-28	.	IGKJ1	IGKC	assemble0	0
4	1.052632e-01	TGTCAGCAGTATGGTAGTTCACCTCCGTGGACGTTC	CQQYGSSPPWTF	IGKV3-20	.	IGKJ1	IGKC	assemble5	0
4	1.052632e-01	TGTCAACAGTATGATAATTTCCCTCTGACTTTC	CQQYDNFPLTF	IGKV1D-8	.	IGKJ4	IGKC	assemble14	0
2	5.263158e-02	TGCCAACAATATGAAAGTTATCTGTACACCTTT	CQQYESYLYTF	IGKV1-5	.	.	IGKC	assemble8	0
1	2.631579e-02	TGTCAACAGAGTTACACTGCCCCGTGGACGTTC	CQQSYTAPWTF	IGKV1-39	.	IGKJ1	IGKC	assemble18	0
1	2.631579e-02	TGTCAACAGTATCATAATGTCCCGTACACTTTT	CQQYHNVPYTF	IGKV1D-33	.	IGKJ2	IGKC	assemble46	0
1	2.631579e-02	TGTCAACACAGTTACAGTTCCCCCTGGACGTTC	CQHSYSSPWTF	IGKV1-39	.	IGKJ1	IGKC	assemble39	0
1	2.631579e-02	TGTCAGCAGTATGATAACTCACCCTGGACGTTC	CQQYDNSPWTF	IGKV3-20	.	IGKJ1	IGKC	assemble27	0
1	2.631579e-02	TGTCAACAGTATGATAATCTCATCACTTTC	CQQYDNLITF	IGKV1D-33	.	IGKJ5	IGKC	assemble58	0
1	2.631579e-02	TGCAAGCAAGCTCTAGAAACTCCTCAGACATTC	CKQALETPQTF	IGKV2D-28	.	IGKJ1	IGKC	assemble16	0
1	2.631579e-02	TGCCAACAATATAATACTTATCCGTACACTTTT	CQQYNTYPYTF	IGKV1-5	.	IGKJ2	IGKC	assemble43	0
1	2.631579e-02	TGCCTGCAGTATAATACTTATCCCTGGACGTTC	CLQYNTYPWTF	IGKV1-5	.	IGKJ1	IGKC	assemble81	0
1	2.631579e-02	TGTCAACAATATGATAATCTCCCGTGGACGTTC	CQQYDNLPWTF	IGKV1D-33	.	IGKJ1	IGKC	assemble29	0
1	2.631579e-02	TGTCAACAGAGTTACAGTACCCCTTTCACTTTC	CQQSYSTPFTF	IGKV1-39	.	IGKJ3	IGKC	assemble47	0
1	2.631579e-02	TGTCAGCAGTATAATGACTGGCCTCCGATCACCTTC	CQQYNDWPPITF	IGKV3-15	.	IGKJ5	IGKC	assemble28	0
1	2.631579e-02	TGCCAACAGTATTTCGCTTACCCGATCACTTTC	CQQYFAYPITF	IGKV1D-16	.	.	.	assemble45	0
1	2.631579e-02	TGTCAGCAGACTTATAGTTTCCCTCGGACGTTC	CQQTYSFPRTF	IGKV1-12	.	IGKJ1	IGKC	assemble68	0
1	2.631579e-02	TGCCAACAGTATAATAGTTACCCTCCAACTTTC	CQQYNSYPPTF	IGKV1D-8	.	IGKJ4	IGKC	assemble14	0
1	2.631579e-02	TGCATGCAAGCTCTGGAAACTCTCTACACTTTT	CMQALETLYTF	IGKV2-28	.	IGKJ2	IGKC	assemble48	0
1	2.631579e-02	TGTCAACAGTATGGTAGCTCACCGTGGACGTTC	CQQYGSSPWTF	IGKV3-20	.	IGKJ1	IGKC	assemble27	0
