#count	frequency	CDR3nt	CDR3aa	V	D	J	C	cid	cid_full_length
13	5.416667e-01	TGCCAGCAGTATAAGTCTTACCCGTACACTTTT	CQQYKSYPYTF	IGKV1-16	.	IGKJ2	IGKC	assemble5	0
4	4.000000e-01	TGTGCGGGCGCCTCGGACTTCCATCCTTTTGACTACTGG	CAGASDFHPFDYW	IGHV3-33	.	IGHJ4	.	assemble17	0
2	8.333333e-02	TGTCAACAGAGTTCCGGTACCCCGTTCACTTTT	CQQSSGTPFTF	IGKV1-39	.	IGKJ2	IGKC	assemble75	0
2	2.000000e-01	TGTGCAAGGCGGGGAGGGGGTAATGGTGGTAGCAACCACTGGTTCGACCCCTGG	CARRGGGNGGSNHWFDPW	IGHV3-74	.	IGHJ5	IGHA2	assemble417	0
2	8.333333e-02	TGTCAGCAGTCTGGTACCTCACCTACGTGGACGTTC	CQQSGTSPTWTF	IGKV3-20	.	IGKJ1	IGKC	assemble1329	0
1	4.166667e-02	TGCCAGTCCTATGACATCAGCCTGAGTGGTTCGAGGGTCTTC	CQSYDISLSGSRVF	IGLV1-40	.	IGLJ1	IGLC	assemble825	0
1	5.000000e-01	TGCCTCGTGGGTGAAGCGAGGACACCGACAAGCTCATCTTT	out_of_frame	TRAV4	.	TRAJ34	.	assemble2905	0
1	1.000000e-01	TGTGCACGAATGGGACTTGACAGAAATGGTTATTACGACTGGTACTTCGATGTCTGG	CARMGLDRNGYYDWYFDVW	.	.	IGHJ2	IGHG4	assemble789	0
1	4.166667e-02	TGCCAGCAGTATAATTCTTACCCGTACACTTTT	CQQYNSYPYTF	IGKV1-16	.	IGKJ2	IGKC	assemble5	0
1	1.000000e-01	TGTGCGAGACAGAGCCGTAGCTGGTACGCTTTTGAGAACTGG	CARQSRSWYAFENW	IGHV5-10-1	.	IGHJ4	IGHA1	assemble323	0
1	1.000000e-01	TGTGCGAGTCTAGATTACATTTGGGGGAGTTATCGCTGCTTTGACTACTGG	CASLDYIWGSYRCFDYW	IGHV4-4	.	IGHJ4	.	assemble291	0
1	4.166667e-02	TGCAGGCAGGCTCTACAAGGTCCATACACTTTT	CRQALQGPYTF	IGKV2-28	.	IGKJ2	IGKC	assemble2776	0
1	4.166667e-02	TGTGCAACACGGGATGACAGCCTGGATTCTTGGGTGTTC	CATRDDSLDSWVF	IGLV1-44	.	IGLJ3	IGLC	assemble2992	0
1	4.166667e-02	TGTCAGTCTTATGACCGCAGCAATATAGTATTC	CQSYDRSNIVF	IGLV6-57	.	IGLJ2	IGLC	assemble803	0
1	5.000000e-01	TGTGCTTATAGGAGCGAAAGAAACCAGTGGCTCTAGGTTGACCTTT	out_of_frame	TRAV38-2DV8	.	TRAJ58	.	assemble3057	0
1	1.000000e-01	TGTACAGTCCTGGCCGGCGGCTGGAACGACGGCGAATCTGTCTTTGATATCTGG	CTVLAGGWNDGESVFDIW	.	.	IGHJ3	.	assemble3048	0
1	1.000000e+00	TGTGCCAGCAGCGGCACAGGGACCACAGATACGCAGTATTTT	CASSGTGTTDTQYF	TRBV14	.	TRBJ2-3	TRBC	assemble788	0
1	4.166667e-02	TGCTGCTCATATGCAGATACTAGGTCTCTCTATGTCTTC	CCSYADTRSLYVF	IGLV2-23	.	IGLJ1	IGLC	assemble2969	0
1	4.166667e-02	TGCATGCAACTTTATCAAACTCCAGTCACCTTC	CMQLYQTPVTF	IGKV2-28	.	IGKJ5	IGKC	assemble739	0
