#count	frequency	CDR3nt	CDR3aa	V	D	J	C	cid	cid_full_length
2	2.857143e-01	TGTACCAGTAGTCACGTGGATTCAGCACTGATGAAGTACTGG	CTSSHVDSALMKYW	IGHV3-73	.	IGHJ4	.	assemble133	0
2	3.333333e-01	TGTCAGCAATATTATGGTTCTCCTCTCACTTTC	CQQYYGSPLTF	IGKV4-1	.	IGKJ4	IGKC	assemble323	0
1	1.666667e-01	TGCCAACAATATAATACTTATTGGACGTTC	CQQYNTYWTF	IGKV1-5	.	IGKJ1	IGKC	assemble401	0
1	1.666667e-01	TGCATGCAAGGTACACACTGGCGGACGTTC	CMQGTHWRTF	IGKV2-30	.	IGKJ1	IGKC	assemble347	0
1	1.428571e-01	TGTGCGAGGGGGGCTGGTTATTTGACTGACTACTGG	CARGAGYLTDYW	IGHV3-48	.	IGHJ4	IGHA1	assemble165	0
1	1.000000e+00	TGTGCAGCAAGCGCGTAGTGGAGGTAGCAACTATAAACTGACATTT	out_of_frame	TRAV29DV5	.	TRAJ53	.	assemble767	0
1	1.428571e-01	TGTGCGAGAACTTGTACTGGTCCTACTTGCCCCCTGGGTATGGACGTCTGG	CARTCTGPTCPLGMDVW	IGHV5-10-1	.	IGHJ6	IGHA1	assemble489	0
1	1.428571e-01	TGTGCGAGAGGGGAGGGGTGGATATTGTCGAACTACCACTTCGCTATGGACGTCTGG	CARGEGWILSNYHFAMDVW	IGHV1-69D	.	IGHJ6	.	assemble246	0
1	1.666667e-01	TGTCAACACCTTAATAGTTACCCGCTCACTTTC	CQHLNSYPLTF	IGKV1-9	.	IGKJ4	IGKC	assemble506	0
1	1.428571e-01	TGTGCAGTCAGAAAAGGTGGCACCTACCACTTTGACCACTGG	CAVRKGGTYHFDHW	IGHV3-20	.	IGHJ4	.	assemble473	0
1	1.428571e-01	TGTACCACAGGTTCCCCATATTATACAGGCGGTGCTTTTGATATCTGG	CTTGSPYYTGGAFDIW	IGHV3-15	.	IGHJ3	.	assemble758	0
1	1.666667e-01	TGCAGCTCATATGCAGGCAGCAACAATGTGGTATTC	CSSYAGSNNVVF	IGLV2-8	.	IGLJ2	IGLC	assemble487	0
