paste_into_igv_junction,seqnames,start,end,strand,gene_name,experiment
chr5:178776276-178785269,chr5,178776276,178785269,-,AACSP1,i3Neurons
chr16:70271972-70272796,chr16,70271972,70272796,-,AARS1,i3Neurons
chr16:70272882-70276486,chr16,70272882,70276486,-,AARS1,i3Neurons
chr7:151028610-151034273,chr7,151028610,151034273,+,ABCB8,i3Muscles
chr7:151028610-151034273,chr7,151028610,151034273,+,ABCB8,i3Muscles
chr16:16014628-16016584,chr16,16014628,16016584,+,ABCC1,i3Neurons
chr5:140801566-140806974,chr5,140801566,140806974,-,AC005609.16,i3Neurons
chr5:140801566-140806974,chr5,140801566,140806974,-,AC005609.16,i3Neurons
chr17:50461686-50461820,chr17,50461686,50461820,+,ACSF2,i3Muscles
chr17:50461885-50462184,chr17,50461885,50462184,+,ACSF2,i3Muscles
chr7:100650135-100650575,chr7,100650135,100650575,-,ACTL6B,i3Neurons
chr7:100650643-100655019,chr7,100650643,100655019,-,ACTL6B,i3Neurons
chr14:68893747-68898004,chr14,68893747,68898004,-,ACTN1,i3Muscles
chr14:68898231-68898332,chr14,68898231,68898332,-,ACTN1,i3Muscles
chr14:68900737-68900862,chr14,68900737,68900862,-,ACTN1,i3Muscles
chr10:102472981-102480536,chr10,102472981,102480536,-,ACTR1A,i3Neurons
chr10:102479201-102480536,chr10,102479201,102480536,-,ACTR1A,i3Neurons
chr10:126278988-126319210,chr10,126278988,126319210,-,ADAM12,i3Muscles
chr10:126319273-126330412,chr10,126319273,126330412,-,ADAM12,i3Muscles
chr10:70672884-70702312,chr10,70672884,70702312,+,ADAMTS14,i3Muscles
chr21:45181517-45182584,chr21,45181517,45182584,+,ADARB1,i3Neurons
chr21:45205752-45208833,chr21,45205752,45208833,+,ADARB1,i3Muscles
chr10:1363917-1376116,chr10,1363917,1376116,-,ADARB2,i3Neurons
chr10:1376218-1379074,chr10,1376218,1379074,-,ADARB2,i3Neurons
chr10:1645966-1737051,chr10,1645966,1737051,-,ADARB2,i3Neurons
chr7:45622743-45625299,chr7,45622743,45625299,+,ADCY1,i3Neurons
chr7:45625377-45648670,chr7,45625377,45648670,+,ADCY1,i3Neurons
chr7:45625430-45648670,chr7,45625430,45648670,+,ADCY1,i3Neurons
chr16:50246203-50246881,chr16,50246203,50246881,+,ADCY7,i3Neurons
chr16:50247109-50287912,chr16,50247109,50287912,+,ADCY7,i3Neurons
chr8:130904042-130908924,chr8,130904042,130908924,-,ADCY8,i3Neurons
chr10:133126245-133127233,chr10,133126245,133127233,+,ADGRA1,i3Muscles
chr8:142529155-142529387,chr8,142529155,142529387,+,ADGRB1,i3Neurons
chr8:142529155-142529407,chr8,142529155,142529407,+,ADGRB1,i3Neurons
chr8:142531271-142533295,chr8,142531271,142533295,+,ADGRB1,i3Neurons
chr19:14176669-14177531,chr19,14176669,14177531,-,ADGRL1,i3Neurons
chr18:80133192-80133692,chr18,80133192,80133692,+,ADNP2,i3Muscles
chr18:80133806-80135612,chr18,80133806,80135612,+,ADNP2,i3Muscles
chr6:167962567-167969114,chr6,167962567,167969114,+,AFDN,i3Muscles
chr10:49982412-49987165,chr10,49982412,49987165,+,AGAP6,i3Muscles
chr6:161153499-161166248,chr6,161153499,161166248,-,AGPAT4,i3Muscles
chr6:161153499-161166248,chr6,161153499,161166248,-,AGPAT4,i3Muscles
chr1:1022462-1031785,chr1,1022462,1031785,+,AGRN,i3Neurons
chr6:135304968-135309923,chr6,135304968,135309923,-,AHI1,i3Neurons
chr6:135431314-135438375,chr6,135431314,135438375,-,AHI1,i3Muscles
chr6:135431314-135438375,chr6,135431314,135438375,-,AHI1,i3Muscles
chr9:4724376-4740936,chr9,4724376,4740936,-,AK3,i3Neurons
chr6:151325885-151348711,chr6,151325885,151348711,+,AKAP12,i3Muscles
chrX:1595533-1599191,chrX,1595533,1599191,+,AKAP17A,i3Muscles
chr10:5077977-5080746,chr10,5077977,5080746,+,AKR1C3,i3Muscles
chr1:243512426-243523309,chr1,243512426,243523309,-,AKT3,i3Neurons
chr1:243527864-243545510,chr1,243527864,243545510,-,AKT3,i3Neurons
chr17:7009889-7010059,chr17,7009889,7010059,-,ALOX12-AS1,i3Muscles
chr18:9221999-9239477,chr18,9221999,9239477,+,ANKRD12,i3Muscles
chr2:95893724-95895399,chr2,95893724,95895399,-,ANKRD36C,i3Neurons
chr2:95916171-95917855,chr2,95916171,95917855,-,ANKRD36C,i3Neurons
chr11:34896856-34911972,chr11,34896856,34911972,-,APIP,i3Neurons
chr11:128992046-128998319,chr11,128992046,128998319,-,ARHGAP32,i3Neurons
chr5:54171928-54242070,chr5,54171928,54242070,-,ARL¬¨‚Ä†15.00,i3Neurons
chr5:54242150-54282271,chr5,54242150,54282271,-,ARL¬¨‚Ä†15.00,i3Neurons
chr1:44704173-44723219,chr1,44704173,44723219,+,ARMH1,i3Neurons
chr14:58274136-58286639,chr14,58274136,58286639,-,ARMH4,i3Neurons
chr16:10386122-10414574,chr16,10386122,10414574,+,ATF7IP2,i3Neurons
chr2:241668685-241668875,chr2,241668685,241668875,+,ATG4B,i3Neurons
chr2:241668985-241670726,chr2,241668985,241670726,+,ATG4B,i3Muscles
chr2:241668985-241670726,chr2,241668985,241670726,+,ATG4B,i3Neurons
chr8:20225819-20226059,chr8,20225819,20226059,+,ATP6V1B2,i3Neurons
chr8:20226166-20226439,chr8,20226166,20226439,+,ATP6V1B2,i3Neurons
chr18:79143860-79144814,chr18,79143860,79144814,+,ATP9B,i3Muscles
chr18:79146701-79154504,chr18,79146701,79154504,+,ATP9B,i3Muscles
chr6:16585907-16589480,chr6,16585907,16589480,-,ATXN1,i3Muscles
chr6:16589513-16657776,chr6,16589513,16657776,-,ATXN1,i3Muscles
chr22:45808275-45809619,chr22,45808275,45809619,+,ATXN10,i3Neurons
chr3:63980167-63982939,chr3,63980167,63982939,+,ATXN7,i3Muscles
chr1:33081508-33092050,chr1,33081508,33092050,+,AZIN2,i3Muscles
chr1:33081508-33092050,chr1,33081508,33092050,+,AZIN2,i3Muscles
chr2:167868435-167868811,chr2,167868435,167868811,-,B3GALT1-AS1,i3Neurons
chr6:80127624-80128599,chr6,80127624,80128599,+,BCKDHB,i3Neurons
chr6:80169030-80169811,chr6,80169030,80169811,+,BCKDHB,i3Neurons
chr22:17702386-17722274,chr22,17702386,17722274,+,BCL2L13,i3Muscles
chr22:17702386-17722274,chr22,17702386,17722274,+,BCL2L13,i3Neurons
chr22:17722390-17726691,chr22,17722390,17726691,+,BCL2L13,i3Muscles
chr22:17722390-17726691,chr22,17722390,17726691,+,BCL2L13,i3Neurons
chr16:30880317-30887794,chr16,30880317,30887794,-,BCL7C,i3Neurons
chr17:78214789-78215966,chr17,78214789,78215966,+,BIRC5,i3Muscles
chrX:155072343-155073374,chrX,155072343,155073374,+,BRCC3,i3Muscles
chr14:105241414-105247071,chr14,105241414,105247071,-,BRF1,i3Muscles
chr1:109109814-109112543,chr1,109109814,109112543,-,C1orf194,i3Neurons
chr20:3343731-3344641,chr20,3343731,3344641,-,C20orf194,i3Neurons
chr20:3344699-3348525,chr20,3344699,3348525,-,C20orf194,i3Neurons
chr12:2493386-2504842,chr12,2493386,2504842,+,CACNA1C,i3Neurons
chr12:2680575-2682550,chr12,2680575,2682550,+,CACNA1C,i3Neurons
chr1:181726162-181731175,chr1,181726162,181731175,+,CACNA1E,i3Neurons
chr1:181731231-181732384,chr1,181731231,181732384,+,CACNA1E,i3Neurons
chr17:67025001-67030465,chr17,67025001,67030465,+,CACNG4,i3Muscles
chr3:62403185-62420936,chr3,62403185,62420936,-,CADPS,i3Muscles
chr3:62421128-62438104,chr3,62421128,62438104,-,CADPS,i3Muscles
chr7:44220901-44222117,chr7,44220901,44222117,-,CAMK2B,i3Neurons
chr7:44230633-44231005,chr7,44230633,44231005,-,CAMK2B,i3Neurons
chr7:44254607-44258490,chr7,44254607,44258490,-,CAMK2B,i3Neurons
chr7:44258610-44258872,chr7,44258610,44258872,-,CAMK2B,i3Neurons
chr1:7249626-7411597,chr1,7249626,7411597,+,CAMTA1,i3Neurons
chr1:10661399-10665082,chr1,10661399,10665082,-,CASZ1,i3Neurons
chr19:1235342-1235501,chr19,1235342,1235501,-,CBARP,i3Neurons
chr18:72542326-72542982,chr18,72542326,72542982,-,CBLN2,i3Neurons
chr15:74266787-74268342,chr15,74266787,74268342,+,CCDC33,i3Neurons
chr17:82134194-82157748,chr17,82134194,82157748,-,CCDC57,i3Neurons
chr19:47271672-47272069,chr19,47271672,47272069,+,CCDC9,i3Muscles
chr11:44600231-44604427,chr11,44600231,44604427,+,CD82,i3Muscles
chr19:10403738-10420047,chr19,10403738,10420047,-,CDC37,i3Neurons
chr20:61254937-61545630,chr20,61254937,61545630,+,CDH4,i3Neurons
chr5:69259937-69261376,chr5,69259937,69261376,+,CDK7,i3Muscles
chr5:69261458-69262205,chr5,69261458,69262205,+,CDK7,i3Muscles
chr5:69261458-69262205,chr5,69261458,69262205,+,CDK7,i3Neurons
chr5:115813258-115813898,chr5,115813258,115813898,-,CDO1,i3Muscles
chr5:115813258-115813898,chr5,115813258,115813898,-,CDO1,i3Neurons
chr5:115813954-115816228,chr5,115813954,115816228,-,CDO1,i3Muscles
chr5:115813954-115816228,chr5,115813954,115816228,-,CDO1,i3Neurons
chr11:125981314-125983872,chr11,125981314,125983872,-,CDON,i3Muscles
chr11:125981314-125983872,chr11,125981314,125983872,-,CDON,i3Neurons
chr19:3225618-3226220,chr19,3225618,3226220,+,CELF5,i3Neurons
chr19:3278111-3278208,chr19,3278111,3278208,+,CELF5,i3Neurons
chr19:3278316-3281199,chr19,3278316,3281199,+,CELF5,i3Neurons
chr3:48650289-48650480,chr3,48650289,48650480,-,CELSR3,i3Neurons
chr19:58583176-58585763,chr19,58583176,58585763,+,CENPBD1P1,i3Neurons
chr16:67843361-67847580,chr16,67843361,67847580,-,CENPT,i3Muscles
chr17:81207239-81208144,chr17,81207239,81208144,-,CEP131,i3Neurons
chr17:81208356-81208928,chr17,81208356,81208928,-,CEP131,i3Neurons
chr12:88086789-88087780,chr12,88086789,88087780,-,CEP290,i3Neurons
chr12:88115182-88115478,chr12,88115182,88115478,-,CEP290,i3Muscles
chr12:88118743-88119021,chr12,88118743,88119021,-,CEP290,i3Neurons
chr12:88119150-88120114,chr12,88119150,88120114,-,CEP290,i3Neurons
chr12:94403262-94410621,chr12,94403262,94410621,-,CEP83,i3Muscles
chr12:94410679-94411697,chr12,94410679,94411697,-,CEP83,i3Muscles
chr19:8210862-8240486,chr19,8210862,8240486,+,CERS4,i3Neurons
chr19:8240563-8241341,chr19,8240563,8241341,+,CERS4,i3Neurons
chr5:141184312-141189070,chr5,141184312,141189070,-,CH17-140K24.2,i3Neurons
chr5:141187353-141188538,chr5,141187353,141188538,+,CH17-140K24.5,i3Neurons
chr11:900980-902148,chr11,900980,902148,-,CHID1,i3Muscles
chr11:900980-902148,chr11,900980,902148,-,CHID1,i3Neurons
chr17:7446113-7446398,chr17,7446113,7446398,+,CHRNB1,i3Muscles
chr12:9688086-9694760,chr12,9688086,9694760,+,CLEC2D,i3Muscles
chr2:98370076-98375922,chr2,98370076,98375922,+,CNGA3,i3Neurons
chr2:98376036-98377687,chr2,98376036,98377687,+,CNGA3,i3Neurons
chr16:58538915-58539520,chr16,58538915,58539520,-,CNOT1,i3Muscles
chr16:58538915-58539520,chr16,58538915,58539520,-,CNOT1,i3Neurons
chr16:58539557-58539767,chr16,58539557,58539767,-,CNOT1,i3Muscles
chr5:154859873-154863207,chr5,154859873,154863207,+,CNOT8,i3Muscles
chr4:108819898-108824174,chr4,108819898,108824174,-,COL25A1,i3Muscles
chr16:4367442-4387986,chr16,4367442,4387986,-,CORO7,i3Neurons
chr16:4367442-4387986,chr16,4367442,4387986,-,CORO7-PAM16,i3Neurons
chr5:37122489-37124745,chr5,37122489,37124745,-,CPLANE1,i3Neurons
chr5:37245598-37247618,chr5,37245598,37247618,-,CPLANE1,i3Muscles
chr5:37245598-37247618,chr5,37245598,37247618,-,CPLANE1,i3Muscles
chr20:6015490-6026171,chr20,6015490,6026171,+,CRLS1,i3Neurons
chr8:19408695-19409237,chr8,19408695,19409237,-,CSGALNACT1,i3Neurons
chr5:123514548-123545417,chr5,123514548,123545417,+,CSNK1G3,i3Muscles
chr18:79729069-79753652,chr18,79729069,79753652,+,CTDP1,i3Neurons
chr1:9877989-9883705,chr1,9877989,9883705,-,CTNNBIP1,i3Muscles
chr7:117861316-117862098,chr7,117861316,117862098,-,CTTNBP2,i3Neurons
chr5:157328050-157330161,chr5,157328050,157330161,+,CYFIP2,i3Neurons
chr1:59904516-59904871,chr1,59904516,59904871,-,CYP2J2,i3Muscles
chr9:87499139-87506820,chr9,87499139,87506820,+,DAPK1,i3Neurons
chr9:87537793-87604954,chr9,87537793,87604954,+,DAPK1,i3Neurons
chr11:8750725-8776192,chr11,8750725,8776192,-,DENND2B,i3Neurons
chr5:141517009-141518636,chr5,141517009,141518636,-,DIAPH1,i3Muscles
chr5:141518997-141524142,chr5,141518997,141524142,-,DIAPH1,i3Muscles
chr21:46556091-46556403,chr21,46556091,46556403,+,DIP2A,i3Neurons
chr11:83472777-83484129,chr11,83472777,83484129,-,DLG2,i3Muscles
chr11:83483298-83484129,chr11,83483298,83484129,-,DLG2,i3Muscles
chr11:85285365-85354785,chr11,85285365,85354785,-,DLG2,i3Muscles
chr11:85354874-85379139,chr11,85354874,85379139,-,DLG2,i3Muscles
chr18:4147667-4151180,chr18,4147667,4151180,-,DLGAP1,i3Neurons
chr1:34907437-34929069,chr1,34907437,34929069,-,DLGAP3,i3Neurons
chr1:34929068-34929451,chr1,34929068,34929451,-,DLGAP3,i3Neurons
chr10:68459235-68468123,chr10,68459235,68468123,-,DNA2,i3Muscles
chr10:68459235-68468123,chr10,68459235,68468123,-,DNA2,i3Muscles
chr20:3343731-3344641,chr20,3343731,3344641,-,DNAAF9,i3Muscles
chr20:3344699-3348525,chr20,3344699,3348525,-,DNAAF9,i3Muscles
chr10:67823392-67835392,chr10,67823392,67835392,-,DNAJC12,i3Neurons
chr10:67835525-67837934,chr10,67835525,67837934,-,DNAJC12,i3Neurons
chr9:128250940-128253047,chr9,128250940,128253047,+,DNM1,i3Neurons
chr9:128250940-128253047,chr9,128250940,128253047,+,DNM1,i3Neurons
chr9:128252801-128253046,chr9,128252801,128253046,+,DNM1,i3Neurons
chr10:127381368-127381953,chr10,127381368,127381953,+,DOCK1,i3Muscles
chr10:127382041-127384790,chr10,127382041,127384790,+,DOCK1,i3Muscles
chr9:137576402-137578625,chr9,137576402,137578625,-,DPH7,i3Muscles
chr12:113058451-113093162,chr12,113058451,113093162,+,DTX1,i3Neurons
chr2:62831158-62859169,chr2,62831158,62859169,+,EHBP1,i3Neurons
chr2:62831158-62859169,chr2,62831158,62859169,+,EHBP1,i3Neurons
chr9:137619049-137716626,chr9,137619049,137716626,+,EHMT1,i3Muscles
chr2:3257560-3261714,chr2,3257560,3261714,-,EIPR1,i3Muscles
chr1:109197654-109198573,chr1,109197654,109198573,+,ELAPOR1,i3Neurons
chr1:109197654-109198573,chr1,109197654,109198573,+,ELAPOR1,i3Neurons
chr19:11458611-11463496,chr19,11458611,11463496,-,ELAVL3,i3Neurons
chr19:11463662-11466172,chr19,11463662,11466172,-,ELAVL3,i3Neurons
chr2:54928751-54947858,chr2,54928751,54947858,+,EML6,i3Neurons
chr3:4831018-4831159,chr3,4831018,4831159,-,ENSG00000235978,i3Muscles
chr9:128952846-128956141,chr9,128952846,128956141,+,ENSG00000251184,i3Muscles
chr9:128956174-128956350,chr9,128956174,128956350,+,ENSG00000251184,i3Muscles
chr8:101287810-101293244,chr8,101287810,101293244,+,ENSG00000253282,i3Muscles
chr11:65289873-65294152,chr11,65289873,65294152,+,ENSG00000285816,i3Muscles
chr15:22557093-22559788,chr15,22557093,22559788,+,ENSG00000291003,i3Muscles
chr15:22569292-22572928,chr15,22569292,22572928,+,ENSG00000291003,i3Muscles
chr7:45728313-45735607,chr7,45728313,45735607,-,ENSG00000291207,i3Muscles
chr7:45735670-45736787,chr7,45735670,45736787,-,ENSG00000291207,i3Muscles
chr12:131992230-132005077,chr12,131992230,132005077,+,EP400,i3Muscles
chr12:131992230-132005077,chr12,131992230,132005077,+,EP400,i3Muscles
chr12:131992230-132005077,chr12,131992230,132005077,+,EP400,i3Neurons
chr12:131992230-132005077,chr12,131992230,132005077,+,EP400,i3Neurons
chr12:131995013-132005076,chr12,131995013,132005076,+,EP400,i3Neurons
chr20:36092157-36173764,chr20,36092157,36173764,+,EPB41L1,i3Neurons
chr18:5406968-5410566,chr18,5406968,5410566,-,EPB41L3,i3Muscles
chr18:5406968-5410566,chr18,5406968,5410566,-,EPB41L3,i3Muscles
chr5:112266330-112267210,chr5,112266330,112267210,-,EPB41L4A,i3Neurons
chr5:112267284-112275326,chr5,112267284,112275326,-,EPB41L4A,i3Neurons
chr18:45901167-45902018,chr18,45901167,45902018,-,EPG5,i3Muscles
chr3:56206362-56296019,chr3,56206362,56296019,-,ERC2,i3Muscles
chr20:35549784-35554371,chr20,35549784,35554371,+,ERGIC3,i3Muscles
chr1:44226003-44241915,chr1,44226003,44241915,-,ERI3,i3Neurons
chr11:64305736-64313951,chr11,64305736,64313951,+,ESRRA,i3Neurons
chr11:128480452-128484822,chr11,128480452,128484822,-,ETS1,i3Muscles
chr11:128480452-128484822,chr11,128480452,128484822,-,ETS1,i3Muscles
chr21:38806808-38810035,chr21,38806808,38810035,+,ETS2,i3Neurons
chr3:186104572-186105305,chr3,186104572,186105305,-,ETV5,i3Neurons
chr14:100133159-100135905,chr14,100133159,100135905,+,EVL,i3Neurons
chr5:154037455-154038293,chr5,154037455,154038293,-,FAM114A2,i3Neurons
chr6:170348324-170358225,chr6,170348324,170358225,+,FAM120B,i3Neurons
chr6:170348324-170358225,chr6,170348324,170358225,+,FAM120B,i3Neurons
chr12:8188535-8193520,chr12,8188535,8193520,+,FAM66C,i3Neurons
chr15:59439064-59458550,chr15,59439064,59458550,+,FAM81A,i3Neurons
chr19:8083372-8084235,chr19,8083372,8084235,-,FBN3,i3Neurons
chr19:8084411-8085363,chr19,8084411,8085363,-,FBN3,i3Neurons
chr19:8117589-8118351,chr19,8117589,8118351,-,FBN3,i3Neurons
chr19:8118452-8118897,chr19,8118452,8118897,-,FBN3,i3Neurons
chr19:8118456-8118897,chr19,8118456,8118897,-,FBN3,i3Neurons
chr11:125489822-125495836,chr11,125489822,125495836,-,FEZ1,i3Neurons
chr1:241510556-241511866,chr1,241510556,241511866,-,FH,i3Muscles
chr1:241510556-241511866,chr1,241510556,241511866,-,FH,i3Neurons
chr2:24054192-24060814,chr2,24054192,24060814,+,FKBP1B,i3Neurons
chr12:49662050-49665831,chr12,49662050,49665831,-,FMNL3,i3Muscles
chr7:4737421-4740838,chr7,4737421,4740838,+,FOXK1,i3Neurons
chr9:41015187-41032833,chr9,41015187,41032833,+,FRG1HP,i3Neurons
chr3:69302436-69306406,chr3,69302436,69306406,-,FRMD4B,i3Neurons
chr3:69310517-69311263,chr3,69310517,69311263,-,FRMD4B,i3Neurons
chr14:30559272-30563746,chr14,30559272,30563746,+,G2E3,i3Neurons
chr5:151786715-151787765,chr5,151786715,151787765,+,G3BP1,i3Neurons
chr5:151787794-151790323,chr5,151787794,151790323,+,G3BP1,i3Neurons
chr4:884391-885782,chr4,884391,885782,-,GAK,i3Neurons
chr12:4761143-4763952,chr12,4761143,4763952,+,GALNT8,i3Neurons
chr12:4761143-4763952,chr12,4761143,4763952,+,GALNT8,i3Neurons
chr11:22726433-22737705,chr11,22726433,22737705,+,GAS2,i3Neurons
chr11:22726433-22737705,chr11,22726433,22737705,+,GAS2,i3Neurons
chr11:75435658-75436936,chr11,75435658,75436936,-,GDPD5,i3Muscles
chr21:39509027-39515088,chr21,39509027,39515088,+,GET1-SH3BGR,i3Muscles
chr21:39509027-39515088,chr21,39509027,39515088,+,GET1-SH3BGR,i3Muscles
chr20:25407895-25425211,chr20,25407895,25425211,+,GINS1,i3Muscles
chr20:25411286-25413790,chr20,25411286,25413790,+,GINS1,i3Muscles
chr22:19821375-19823987,chr22,19821375,19823987,-,GNB1L,i3Neurons
chr22:19824077-19854443,chr22,19824077,19854443,-,GNB1L,i3Neurons
chr10:97866375-97866866,chr10,97866375,97866866,+,GOLGA7B,i3Neurons
chr10:97866951-97867732,chr10,97866951,97867732,+,GOLGA7B,i3Neurons
chr10:97866951-97871066,chr10,97866951,97871066,+,GOLGA7B,i3Neurons
chr10:97866951-97871066,chr10,97866951,97871066,+,GOLGA7B,i3Neurons
chr10:97867897-97871066,chr10,97867897,97871066,+,GOLGA7B,i3Neurons
chr20:5604440-5605250,chr20,5604440,5605250,-,GPCPD1,i3Muscles
chr1:108885578-108896317,chr1,108885578,108896317,+,GPSM2,i3Muscles
chr1:108896431-108896864,chr1,108896431,108896864,+,GPSM2,i3Muscles
chr1:108896431-108896864,chr1,108896431,108896864,+,GPSM2,i3Neurons
chr19:35000486-35001098,chr19,35000486,35001098,+,GRAMD1A,i3Neurons
chr19:35001244-35009119,chr19,35001244,35009119,+,GRAMD1A,i3Neurons
chr11:123560652-123577367,chr11,123560652,123577367,+,GRAMD1B,i3Muscles
chr2:11580832-11588746,chr2,11580832,11588746,+,GREB1,i3Neurons
chr2:11580832-11588746,chr2,11580832,11588746,+,GREB1,i3Neurons
chr4:157220725-157221667,chr4,157220725,157221667,+,GRIA2,i3Neurons
chr3:14507700-14511165,chr3,14507700,14511165,-,GRIP2,i3Neurons
chr3:14507700-14511165,chr3,14507700,14511165,-,GRIP2,i3Neurons
chr3:14511479-14511586,chr3,14511479,14511586,-,GRIP2,i3Neurons
chr16:85463125-85522420,chr16,85463125,85522420,+,GSE1,i3Neurons
chr20:34946098-34950051,chr20,34946098,34950051,-,GSS,i3Muscles
chr20:34950154-34951724,chr20,34950154,34951724,-,GSS,i3Muscles
chrX:315020-316914,chrX,315020,316914,-,GTPBP6,i3Neurons
chrY:315020-316914,chrY,315020,316914,-,GTPBP6,i3Neurons
chr6:135036794-135039573,chr6,135036794,135039573,-,HBS1L,i3Muscles
chrX:48818109-48820106,chrX,48818109,48820106,+,HDAC6,i3Neurons
chr19:4491835-4492015,chr19,4491835,4492015,+,HDGFL2,i3Muscles
chr19:4491835-4492015,chr19,4491835,4492015,+,HDGFL2,i3Neurons
chr19:4492152-4493703,chr19,4492152,4493703,+,HDGFL2,i3Muscles
chr19:4492152-4493703,chr19,4492152,4493703,+,HDGFL2,i3Neurons
chr15:22557093-22559788,chr15,22557093,22559788,+,HERC2P2,i3Muscles
chr15:22569292-22572928,chr15,22569292,22572928,+,HERC2P2,i3Muscles
chr15:28655420-28655796,chr15,28655420,28655796,+,HERC2P9,i3Muscles
chr19:12838656-12840990,chr19,12838656,12840990,-,HOOK2,i3Neurons
chr1:21834946-21835127,chr1,21834946,21835127,-,HSPG2,i3Muscles
chr1:21835357-21835408,chr1,21835357,21835408,-,HSPG2,i3Muscles
chr6:8558643-8779887,chr6,8558643,8779887,+,HULC,i3Neurons
chr6:8780007-8784180,chr6,8780007,8784180,+,HULC,i3Neurons
chr11:119055571-119056070,chr11,119055571,119056070,-,HYOU1,i3Neurons
chr11:119055571-119056070,chr11,119055571,119056070,-,HYOU1,i3Neurons
chr7:8141817-8141969,chr7,8141817,8141969,-,ICA1,i3Neurons
chr7:8142055-8143875,chr7,8142055,8143875,-,ICA1,i3Neurons
chr3:129483682-129483926,chr3,129483682,129483926,+,IFT122,i3Neurons
chr3:129484024-129488257,chr3,129484024,129488257,+,IFT122,i3Neurons
chr19:51320670-51322064,chr19,51320670,51322064,+,IGLON5,i3Neurons
chr1:18228010-18281081,chr1,18228010,18281081,+,IGSF21,i3Neurons
chr1:18281170-18291866,chr1,18281170,18291866,+,IGSF21,i3Neurons
chr10:132749845-132754244,chr10,132749845,132754244,+,INPP5A,i3Muscles
chr19:7168102-7169727,chr19,7168102,7169727,-,INSR,i3Neurons
chr19:7169831-7170537,chr19,7169831,7170537,-,INSR,i3Muscles
chr19:7169831-7170537,chr19,7169831,7170537,-,INSR,i3Neurons
chrX:135552146-135569337,chrX,135552146,135569337,+,INTS6L,i3Muscles
chr8:94832174-94834300,chr8,94832174,94834300,+,INTS8,i3Neurons
chr8:94832175-94836523,chr8,94832175,94836523,+,INTS8,i3Neurons
chr7:2559217-2562526,chr7,2559217,2562526,+,IQCE,i3Neurons
chr7:2559217-2564878,chr7,2559217,2564878,+,IQCE,i3Neurons
chr7:2565071-2567116,chr7,2565071,2567116,+,IQCE,i3Neurons
chr15:76336941-76340276,chr15,76336941,76340276,+,ISL2,i3Neurons
chr15:76336941-76340276,chr15,76336941,76340276,+,ISL2,i3Neurons
chr15:76337967-76340276,chr15,76337967,76340276,+,ISL2,i3Neurons
chr15:74174019-74174851,chr15,74174019,74174851,+,ISLR,i3Muscles
chr15:74130665-74131207,chr15,74130665,74131207,+,ISLR2,i3Neurons
chr17:50081193-50081310,chr17,50081193,50081310,+,ITGA3,i3Muscles
chr17:50081193-50081310,chr17,50081193,50081310,+,ITGA3,i3Neurons
chr12:55685288-55686202,chr12,55685288,55686202,-,ITGA7,i3Neurons
chr12:55686314-55687971,chr12,55686314,55687971,-,ITGA7,i3Neurons
chr3:124664330-124666449,chr3,124664330,124666449,+,KALRN,i3Neurons
chr3:124700033-124700977,chr3,124700033,124700977,+,KALRN,i3Neurons
chr3:124700033-124701093,chr3,124700033,124701093,+,KALRN,i3Neurons
chr3:124701255-124702038,chr3,124701255,124702038,+,KALRN,i3Neurons
chr1:6007661-6018634,chr1,6007661,6018634,+,KCNAB2,i3Neurons
chr5:170353964-170451777,chr5,170353964,170451777,+,KCNIP1,i3Neurons
chr5:170504633-170669499,chr5,170504633,170669499,+,KCNIP1,i3Neurons
chr5:170669660-170718758,chr5,170669660,170718758,+,KCNIP1,i3Neurons
chr10:101829199-101831072,chr10,101829199,101831072,-,KCNIP2,i3Neurons
chr10:101831167-101839753,chr10,101831167,101839753,-,KCNIP2,i3Neurons
chr10:101831167-101839753,chr10,101831167,101839753,-,KCNIP2,i3Neurons
chr20:44709470-44738820,chr20,44709470,44738820,-,KCNK15-AS1,i3Neurons
chr10:77001580-77008185,chr10,77001580,77008185,-,KCNMA1,i3Neurons
chr20:63439708-63444659,chr20,63439708,63444659,-,KCNQ2,i3Neurons
chr20:63439708-63444659,chr20,63439708,63444659,-,KCNQ2,i3Neurons
chr6:18213782-18215006,chr6,18213782,18215006,+,KDM1B,i3Neurons
chr17:6579864-6580932,chr17,6579864,6580932,-,KIAA0753,i3Neurons
chr17:6580975-6589779,chr17,6580975,6589779,-,KIAA0753,i3Neurons
chr2:61088468-61090479,chr2,61088468,61090479,+,KIAA1841,i3Neurons
chr1:20686126-20690188,chr1,20686126,20690188,-,KIF17,i3Neurons
chr12:39370261-39386971,chr12,39370261,39386971,-,KIF21A,i3Neurons
chr1:245419745-245464259,chr1,245419745,245464259,+,KIF26B,i3Neurons
chr10:133160569-133161067,chr10,133160569,133161067,+,KNDC1,i3Neurons
chr10:133160569-133161085,chr10,133160569,133161085,+,KNDC1,i3Neurons
chr10:133166939-133167381,chr10,133166939,133167381,+,KNDC1,i3Neurons
chr10:133207351-133208723,chr10,133207351,133208723,+,KNDC1,i3Neurons
chr10:133209925-133210610,chr10,133209925,133210610,+,KNDC1,i3Neurons
chr20:43515415-43528657,chr20,43515415,43528657,+,L3MBTL1,i3Neurons
chr20:43515415-43528657,chr20,43515415,43528657,+,L3MBTL1,i3Neurons
chr20:62336786-62336904,chr20,62336786,62336904,-,LAMA5,i3Muscles
chr7:107955630-107959691,chr7,107955630,107959691,-,LAMB1,i3Muscles
chr4:17604668-17606828,chr4,17604668,17606828,+,LAP3,i3Muscles
chr4:17604668-17606828,chr4,17604668,17606828,+,LAP3,i3Neurons
chr6:104941013-104950460,chr6,104941013,104950460,+,LIN28B,i3Neurons
chr14:74101238-74114006,chr14,74101238,74114006,+,LIN52,i3Neurons
chr10:1202983-1213997,chr10,1202983,1213997,+,LINC00200,i3Neurons
chr9:129498511-129503323,chr9,129498511,129503323,+,LINC00963,i3Neurons
chr9:129336988-129337785,chr9,129336988,129337785,+,LINC01503,i3Neurons
chr9:129337959-129338792,chr9,129337959,129338792,+,LINC01503,i3Neurons
chr4:32157136-32157956,chr4,32157136,32157956,+,LINC02506,i3Neurons
chr4:32193950-32203876,chr4,32193950,32203876,+,LINC02506,i3Neurons
chr15:77641025-77671682,chr15,77641025,77671682,-,LINGO1,i3Muscles
chr15:77641025-77677089,chr15,77641025,77677089,-,LINGO1,i3Neurons
chr15:77735053-77756560,chr15,77735053,77756560,-,LINGO1,i3Neurons
chr15:77756719-77795939,chr15,77756719,77795939,-,LINGO1,i3Neurons
chr19:42397224-42420328,chr19,42397224,42420328,+,LIPE-AS1,i3Neurons
chr19:58583172-58585763,chr19,58583172,58585763,+,LLNLR-271E8.1,i3Neurons
chr19:58583172-58585763,chr19,58583172,58585763,+,LLNLR-271E8.1,i3Neurons
chr19:58585793-58586155,chr19,58585793,58586155,+,LLNLR-271E8.1,i3Neurons
chr6:69738016-69741788,chr6,69738016,69741788,-,LMBRD1,i3Neurons
chr13:75761038-75795401,chr13,75761038,75795401,+,LMO7,i3Muscles
chr13:75804541-75809154,chr13,75804541,75809154,+,LMO7,i3Muscles
chr13:75804541-75809154,chr13,75804541,75809154,+,LMO7,i3Muscles
chr13:75804541-75809154,chr13,75804541,75809154,+,LMO7,i3Neurons
chr15:73920038-73926240,chr15,73920038,73926240,-,LOXL1-AS1,i3Neurons
chr2:14632937-14649316,chr2,14632937,14649316,+,LRATD1,i3Neurons
chr19:39316136-39316734,chr19,39316136,39316734,-,LRFN1,i3Neurons
chr19:39316786-39318325,chr19,39316786,39318325,-,LRFN1,i3Neurons
chr1:53274820-53275631,chr1,53274820,53275631,-,LRP8,i3Neurons
chr17:32024783-32027768,chr17,32024783,32027768,+,LRRC37B,i3Neurons
chr15:99718873-99720325,chr15,99718873,99720325,-,LYSMD4,i3Neurons
chr1:39159020-39231182,chr1,39159020,39231182,+,MACF1,i3Neurons
chr1:39463686-39468615,chr1,39463686,39468615,+,MACF1,i3Muscles
chr1:39463686-39468615,chr1,39463686,39468615,+,MACF1,i3Muscles
chr11:47325032-47326544,chr11,47325032,47326544,+,MADD,i3Neurons
chr11:47325032-47328658,chr11,47325032,47328658,+,MADD,i3Neurons
chr11:47325032-47328658,chr11,47325032,47328658,+,MADD,i3Neurons
chr4:6605330-6609106,chr4,6605330,6609106,+,MAN2B2,i3Muscles
chr2:39474627-39516414,chr2,39474627,39516414,+,MAP4K3-DT,i3Muscles
chr3:183818111-183820100,chr3,183818111,183820100,-,MAP6D1,i3Neurons
chr3:183818111-183822316,chr3,183818111,183822316,-,MAP6D1,i3Neurons
chr3:183822413-183825147,chr3,183822413,183825147,-,MAP6D1,i3Neurons
chr4:155375021-155376771,chr4,155375021,155376771,-,MAP9,i3Muscles
chr12:111893585-111894654,chr12,111893585,111894654,+,MAPKAPK5,i3Neurons
chr19:12841066-12842139,chr19,12841066,12842139,+,MAST1,i3Neurons
chr19:12842178-12843529,chr19,12842178,12843529,+,MAST1,i3Neurons
chr13:97334440-97338647,chr13,97334440,97338647,+,MBNL2,i3Neurons
chr13:97334441-97343015,chr13,97334441,97343015,+,MBNL2,i3Neurons
chr13:113054906-113060592,chr13,113054906,113060592,+,MCF2L,i3Muscles
chr17:81824554-81826380,chr17,81824554,81826380,-,MCRIP1,i3Muscles
chr12:116022601-116054245,chr12,116022601,116054245,-,MED13L,i3Muscles
chr12:116022601-116054245,chr12,116022601,116054245,-,MED13L,i3Neurons
chr12:116054357-116096669,chr12,116054357,116096669,-,MED13L,i3Muscles
chr12:116054357-116096669,chr12,116054357,116096669,-,MED13L,i3Neurons
chr2:171392197-171433026,chr2,171392197,171433026,-,METTL8,i3Neurons
chr2:171433219-171433883,chr2,171433219,171433883,-,METTL8,i3Neurons
chr15:88899532-88905757,chr15,88899532,88905757,-,MFGE8,i3Muscles
chr15:88899532-88905757,chr15,88899532,88905757,-,MFGE8,i3Muscles
chr19:3546168-3547272,chr19,3546168,3547272,-,MFSD12,i3Muscles
chr19:3546168-3547272,chr19,3546168,3547272,-,MFSD12,i3Muscles
chr14:60809016-60811985,chr14,60809016,60811985,+,MNAT1,i3Neurons
chr14:60812127-60817918,chr14,60812127,60817918,+,MNAT1,i3Neurons
chr14:60817949-60818722,chr14,60817949,60818722,+,MNAT1,i3Neurons
chr3:49910884-49913220,chr3,49910884,49913220,-,MON1A,i3Muscles
chr17:47486884-47490166,chr17,47486884,47490166,-,MRPL45P2,i3Neurons
chr13:41262331-41263275,chr13,41262331,41263275,-,MTRF1,i3Muscles
chr5:7878322-7885701,chr5,7878322,7885701,+,MTRR,i3Neurons
chr5:7878322-7885701,chr5,7878322,7885701,+,MTRR,i3Neurons
chr16:70665541-70666339,chr16,70665541,70666339,-,MTSS2,i3Neurons
chr17:29124688-29131383,chr17,29124688,29131383,-,MYO18A,i3Neurons
chr17:29128544-29130372,chr17,29128544,29130372,-,MYO18A,i3Muscles
chr17:29131442-29165942,chr17,29131442,29165942,-,MYO18A,i3Muscles
chr17:29131442-29165942,chr17,29131442,29165942,-,MYO18A,i3Neurons
chr17:1472228-1474812,chr17,1472228,1474812,-,MYO1C,i3Neurons
chr17:1472228-1474812,chr17,1472228,1474812,-,MYO1C,i3Neurons
chr19:17203004-17203147,chr19,17203004,17203147,+,MYO9B,i3Neurons
chr11:71474526-71476201,chr11,71474526,71476201,+,NADSYN1,i3Muscles
chr11:71484448-71485541,chr11,71484448,71485541,+,NADSYN1,i3Muscles
chr11:71485324-71485542,chr11,71485324,71485542,+,NADSYN1,i3Muscles
chr11:71485324-71485542,chr11,71485324,71485542,+,NADSYN1,i3Neurons
chr11:71499039-71501302,chr11,71499039,71501302,+,NADSYN1,i3Muscles
chr11:71501426-71503090,chr11,71501426,71503090,+,NADSYN1,i3Neurons
chr11:71503303-71505511,chr11,71503303,71505511,+,NADSYN1,i3Neurons
chr1:201804497-201807953,chr1,201804497,201807953,+,NAV1,i3Neurons
chr11:19880127-19892434,chr11,19880127,19892434,+,NAV2,i3Muscles
chr11:113235164-113246368,chr11,113235164,113246368,+,NCAM1,i3Muscles
chr12:124430788-124437929,chr12,124430788,124437929,-,NCOR2,i3Neurons
chr12:124473131-124476659,chr12,124473131,124476659,-,NCOR2,i3Muscles
chr12:124473131-124479597,chr12,124473131,124479597,-,NCOR2,i3Muscles
chr16:83990630-83993528,chr16,83990630,83993528,+,NECAB2,i3Neurons
chr16:83993614-83994302,chr16,83993614,83994302,+,NECAB2,i3Neurons
chr16:50608360-50620845,chr16,50608360,50620845,+,NKD1,i3Muscles
chr16:50608360-50620845,chr16,50608360,50620845,+,NKD1,i3Neurons
chr16:50620949-50621602,chr16,50620949,50621602,+,NKD1,i3Muscles
chr16:50620949-50621602,chr16,50620949,50621602,+,NKD1,i3Neurons
chr16:50621709-50625224,chr16,50621709,50625224,+,NKD1,i3Muscles
chr16:50621709-50625224,chr16,50621709,50625224,+,NKD1,i3Neurons
chr4:2942327-2946872,chr4,2942327,2946872,+,NOP14-AS1,i3Neurons
chr4:2942327-2946872,chr4,2942327,2946872,+,NOP14-AS1,i3Neurons
chr20:58694592-58694812,chr20,58694592,58694812,+,NPEPL1,i3Muscles
chr20:58694592-58694812,chr20,58694592,58694812,+,NPEPL1,i3Neurons
chr20:58694593-58695948,chr20,58694593,58695948,+,NPEPL1,i3Muscles
chr20:58694593-58698683,chr20,58694593,58698683,+,NPEPL1,i3Neurons
chr20:58696089-58698683,chr20,58696089,58698683,+,NPEPL1,i3Muscles
chr20:58697192-58698684,chr20,58697192,58698684,+,NPEPL1,i3Muscles
chr1:5888611-5890867,chr1,5888611,5890867,-,NPHP4,i3Neurons
chr16:21847541-21879378,chr16,21847541,21879378,-,NPIPB4,i3Muscles
chr17:81559416-81563921,chr17,81559416,81563921,-,NPLOC4,i3Muscles
chr17:81559416-81563921,chr17,81559416,81563921,-,NPLOC4,i3Neurons
chr10:121971069-121973523,chr10,121971069,121973523,-,NSMCE4A,i3Muscles
chr10:121971069-121973523,chr10,121971069,121973523,-,NSMCE4A,i3Neurons
chr10:121973599-121974004,chr10,121973599,121974004,-,NSMCE4A,i3Neurons
chr15:88256486-88256605,chr15,88256486,88256605,-,NTRK3,i3Neurons
chr9:128952846-128956141,chr9,128952846,128956141,+,NUP188,i3Muscles
chr9:128952846-128956141,chr9,128952846,128956141,+,NUP188,i3Neurons
chr9:128956174-128956350,chr9,128956174,128956350,+,NUP188,i3Muscles
chr9:128956174-128956350,chr9,128956174,128956350,+,NUP188,i3Neurons
chr3:13366091-13375504,chr3,13366091,13375504,-,NUP210,i3Neurons
chr3:13366091-13375504,chr3,13366091,13375504,-,NUP210,i3Neurons
chr14:24412691-24412997,chr14,24412691,24412997,+,NYNRIN,i3Neurons
chr1:228367946-228368722,chr1,228367946,228368722,+,OBSCN,i3Muscles
chr15:52777690-52788780,chr15,52777690,52788780,-,ONECUT1,i3Neurons
chr15:52780742-52788780,chr15,52780742,52788780,-,ONECUT1,i3Neurons
chrX:111096737-111097390,chrX,111096737,111097390,+,PAK3,i3Muscles
chr10:133389747-133390907,chr10,133389747,133390907,+,PAOX,i3Neurons
chr10:133391098-133391312,chr10,133391098,133391312,+,PAOX,i3Neurons
chr12:3815053-3821873,chr12,3815053,3821873,-,PARP11,i3Muscles
chr22:44147922-44157982,chr22,44147922,44157982,+,PARVB,i3Muscles
chr21:45755452-45788298,chr21,45755452,45788298,+,PCBP3,i3Neurons
chr5:140801543-140806974,chr5,140801543,140806974,+,PCDHA1,i3Neurons
chr5:140834729-140841474,chr5,140834729,140841474,+,PCDHA1,i3Neurons
chr5:140857648-140868879,chr5,140857648,140868879,+,PCDHA1,i3Neurons
chr5:140834729-140841474,chr5,140834729,140841474,+,PCDHA2,i3Neurons
chr5:140857648-140868879,chr5,140857648,140868879,+,PCDHA2,i3Neurons
chr5:140834729-140841474,chr5,140834729,140841474,+,PCDHA3,i3Neurons
chr5:140857648-140868879,chr5,140857648,140868879,+,PCDHA3,i3Neurons
chr5:140834729-140841474,chr5,140834729,140841474,+,PCDHA4,i3Neurons
chr5:140857648-140868879,chr5,140857648,140868879,+,PCDHA4,i3Neurons
chr5:140825852-140834611,chr5,140825852,140834611,+,PCDHA5,i3Neurons
chr5:140834729-140848714,chr5,140834729,140848714,+,PCDHA5,i3Neurons
chr5:140857648-140868879,chr5,140857648,140868879,+,PCDHA5,i3Neurons
chr5:140857648-140868879,chr5,140857648,140868879,+,PCDHA6,i3Neurons
chr5:140857648-140868879,chr5,140857648,140868879,+,PCDHA7,i3Neurons
chr5:140857648-140868879,chr5,140857648,140868879,+,PCDHA8,i3Neurons
chr5:140857648-140868879,chr5,140857648,140868879,+,PCDHA9,i3Neurons
chr14:70978648-71009634,chr14,70978648,71009634,+,PCNX1,i3Muscles
chr9:76068044-76071725,chr9,76068044,76071725,+,PCSK5,i3Muscles
chr20:50129690-50143502,chr20,50129690,50143502,-,PEDS1,i3Neurons
chr10:3099352-3099557,chr10,3099352,3099557,+,PFKP,i3Muscles
chr10:3099352-3099557,chr10,3099352,3099557,+,PFKP,i3Neurons
chr10:3099819-3101365,chr10,3099819,3101365,+,PFKP,i3Muscles
chr10:3099819-3101365,chr10,3099819,3101365,+,PFKP,i3Neurons
chr12:111365651-111366113,chr12,111365651,111366113,-,PHETA1,i3Muscles
chr17:28915448-28917285,chr17,28915448,28917285,-,PHF12,i3Muscles
chr17:28915448-28917285,chr17,28915448,28917285,-,PHF12,i3Neurons
chr9:93660560-93661348,chr9,93660560,93661348,+,PHF2,i3Muscles
chr9:93660560-93661348,chr9,93660560,93661348,+,PHF2,i3Neurons
chr9:93661646-93662906,chr9,93661646,93662906,+,PHF2,i3Neurons
chr3:111954029-111958275,chr3,111954029,111958275,+,PHLDB2,i3Muscles
chr18:62916601-62919959,chr18,62916601,62919959,+,PHLPP1,i3Muscles
chr7:77929327-77940030,chr7,77929327,77940030,+,PHTF2,i3Muscles
chr19:4007787-4011560,chr19,4007787,4011560,+,PIAS4,i3Muscles
chr19:4011633-4012923,chr19,4011633,4012923,+,PIAS4,i3Muscles
chr16:88735246-88735445,chr16,88735246,88735445,-,PIEZO1,i3Muscles
chr16:88735536-88736148,chr16,88735536,88736148,-,PIEZO1,i3Muscles
chr3:196721356-196722415,chr3,196721356,196722415,+,PIGX,i3Muscles
chr16:2094211-2094888,chr16,2094211,2094888,-,PKD1,i3Neurons
chr22:38145653-38148493,chr22,38145653,38148493,-,PLA2G6,i3Muscles
chr17:45441060-45445469,chr17,45441060,45445469,-,PLEKHM1,i3Muscles
chr11:65289873-65294152,chr11,65289873,65294152,+,POLA2,i3Muscles
chr2:131230906-131239278,chr2,131230906,131239278,+,POTEE,i3Muscles
chr19:42122576-42130343,chr19,42122576,42130343,-,POU2F2,i3Neurons
chr19:42130499-42160332,chr19,42130499,42160332,-,POU2F2,i3Neurons
chr12:27676599-27677064,chr12,27676599,27677064,+,PPFIBP1,i3Neurons
chr12:62689807-62693935,chr12,62689807,62693935,-,PPM1H,i3Neurons
chr2:28751924-28752038,chr2,28751924,28752038,+,PPP1CB,i3Muscles
chr1:13731117-13731567,chr1,13731117,13731567,+,PRDM2,i3Muscles
chr18:12429436-12430178,chr18,12429436,12430178,+,PRELID3A,i3Neurons
chr18:12430292-12431150,chr18,12430292,12431150,+,PRELID3A,i3Neurons
chr20:48737497-48745025,chr20,48737497,48745025,-,PREX1,i3Neurons
chr2:218831375-218831668,chr2,218831375,218831668,-,PRKAG3,i3Muscles
chr7:579378-584507,chr7,579378,584507,-,PRKAR1B,i3Muscles
chr4:81110611-81110808,chr4,81110611,81110808,-,PRKG2,i3Neurons
chr9:76638288-76641790,chr9,76638288,76641790,-,PRUNE2,i3Muscles
chr10:102417121-102417940,chr10,102417121,102417940,-,PSD,i3Neurons
chr10:102418046-102418701,chr10,102418046,102418701,-,PSD,i3Neurons
chr3:64022801-64023275,chr3,64022801,64023275,-,PSMD6,i3Muscles
chr9:9018735-9127165,chr9,9018735,9127165,-,PTPRD,i3Neurons
chr9:9127206-9183304,chr9,9127206,9183304,-,PTPRD,i3Neurons
chr7:157682937-157690552,chr7,157682937,157690552,-,PTPRN2,i3Neurons
chr7:158040550-158081298,chr7,158040550,158081298,-,PTPRN2,i3Neurons
chr7:158100856-158110829,chr7,158100856,158110829,-,PTPRN2,i3Neurons
chr20:42098552-42099129,chr20,42098552,42099129,-,PTPRT,i3Neurons
chr20:42099289-42102124,chr20,42099289,42102124,-,PTPRT,i3Neurons
chr7:122031559-122034095,chr7,122031559,122034095,+,PTPRZ1,i3Neurons
chr7:122044568-122047674,chr7,122044568,122047674,+,PTPRZ1,i3Neurons
chr10:132405986-132417061,chr10,132405986,132417061,+,PWWP2B,i3Muscles
chr2:1649675-1650800,chr2,1649675,1650800,-,PXDN,i3Muscles
chr2:1649675-1650800,chr2,1649675,1650800,-,PXDN,i3Neurons
chr2:1650886-1653628,chr2,1650886,1653628,-,PXDN,i3Muscles
chr2:1650886-1653628,chr2,1650886,1653628,-,PXDN,i3Neurons
chr17:82664556-82696389,chr17,82664556,82696389,-,RAB40B,i3Neurons
chr17:17792300-17792933,chr17,17792300,17792933,+,RAI1,i3Muscles
chrX:17802034-17837537,chrX,17802034,17837537,-,RAI2,i3Neurons
chrX:17839105-17861098,chrX,17839105,17861098,-,RAI2,i3Muscles
chrX:17839105-17861098,chrX,17839105,17861098,-,RAI2,i3Neurons
chr20:20472956-20490914,chr20,20472956,20490914,-,RALGAPA2,i3Neurons
chr20:20491001-20495117,chr20,20491001,20495117,-,RALGAPA2,i3Neurons
chr5:171265847-171271151,chr5,171265847,171271151,+,RANBP17,i3Neurons
chr1:21598502-21598723,chr1,21598502,21598723,-,RAP1GAP,i3Neurons
chr1:21598820-21599494,chr1,21598820,21599494,-,RAP1GAP,i3Neurons
chr13:113992184-113992485,chr13,113992184,113992485,-,RASA3,i3Muscles
chr8:30556794-30558887,chr8,30556794,30558887,+,RBPMS,i3Neurons
chr2:86220121-86227363,chr2,86220121,86227363,-,REEP1,i3Muscles
chr1:8541318-8551208,chr1,8541318,8551208,-,RERE,i3Muscles
chr1:8553542-8556475,chr1,8553542,8556475,-,RERE,i3Muscles
chr17:35017607-35021370,chr17,35017607,35021370,-,RFFL,i3Muscles
chr17:35017607-35021370,chr17,35017607,35021370,-,RFFL,i3Muscles
chr12:124149791-124195458,chr12,124149791,124195458,+,RFLNA,i3Neurons
chr12:124195888-124198805,chr12,124195888,124198805,+,RFLNA,i3Neurons
chr2:107872928-107878621,chr2,107872928,107878621,+,RGPD4,i3Neurons
chr5:95816627-95823836,chr5,95816627,95823836,+,RHOBTB3,i3Neurons
chr20:19965024-19968392,chr20,19965024,19968392,+,RIN2,i3Neurons
chr6:166952548-166955484,chr6,166952548,166955484,-,RNASET2,i3Neurons
chr12:116779348-116788636,chr12,116779348,116788636,+,RNFT2,i3Neurons
chr20:43515415-43528657,chr20,43515415,43528657,+,RP1-138B7.8,i3Neurons
chr20:43515415-43528657,chr20,43515415,43528657,+,RP1-138B7.8,i3Neurons
chr1:1709640-1719358,chr1,1709640,1719358,-,RP1-283E3.8,i3Neurons
chr9:128952846-128956141,chr9,128952846,128956141,+,RP11-101E3.5,i3Neurons
chr9:128956174-128956350,chr9,128956174,128956350,+,RP11-101E3.5,i3Neurons
chr15:72271288-72287236,chr15,72271288,72287236,-,RP11-106M3.5,i3Neurons
chr10:133389747-133390907,chr10,133389747,133390907,+,RP11-108K14.8,i3Neurons
chr10:133391098-133391312,chr10,133391098,133391312,+,RP11-108K14.8,i3Neurons
chr19:43900954-43901593,chr19,43900954,43901593,-,RP11-15A1.3,i3Neurons
chr8:103448050-103498176,chr8,103448050,103498176,-,RP11-1C8.8,i3Neurons
chr12:4761143-4763952,chr12,4761143,4763952,+,RP11-234B24.6,i3Neurons
chr12:4761143-4763952,chr12,4761143,4763952,+,RP11-234B24.6,i3Neurons
chr11:61469340-61472745,chr11,61469340,61472745,+,RP11-286N22.8,i3Neurons
chr10:38435253-38437090,chr10,38435253,38437090,+,RP11-291L22.9,i3Neurons
chr14:89350808-89356668,chr14,89350808,89356668,+,RP11-356K23.1,i3Neurons
chr6:97310059-97612168,chr6,97310059,97612168,+,RP11-436D23.1,i3Neurons
chr3:183818111-183820100,chr3,183818111,183820100,-,RP11-449K6.5,i3Neurons
chr3:183818111-183822316,chr3,183818111,183822316,-,RP11-449K6.5,i3Neurons
chr7:102611143-102624188,chr7,102611143,102624188,-,RP11-514P8.6,i3Neurons
chr20:63709164-63732003,chr20,63709164,63732003,+,RP4-583P15.15,i3Neurons
chr7:97969846-97971923,chr7,97969846,97971923,-,RP5-1090P18.1,i3Neurons
chr1:38860240-38873441,chr1,38860240,38873441,+,RP5-864K19.4,i3Neurons
chr20:6015490-6026171,chr20,6015490,6026171,+,RP5-967N21.13,i3Neurons
chr16:53623000-53636439,chr16,53623000,53636439,-,RPGRIP1L,i3Neurons
chr20:38037534-38040435,chr20,38037534,38040435,+,RPRD1B,i3Muscles
chr11:77813783-77820528,chr11,77813783,77820528,-,RSF1,i3Neurons
chr11:77813787-77820528,chr11,77813787,77820528,-,RSF1,i3Neurons
chr7:87628572-87650822,chr7,87628572,87650822,+,RUNDC3B,i3Neurons
chr7:87628572-87650822,chr7,87628572,87650822,+,RUNDC3B,i3Neurons
chr19:38536070-38537880,chr19,38536070,38537880,+,RYR1,i3Muscles
chr19:38536070-38537880,chr19,38536070,38537880,+,RYR1,i3Muscles
chr15:74996320-75009891,chr15,74996320,75009891,+,SCAMP5,i3Neurons
chr12:124817707-124862380,chr12,124817707,124862380,-,SCARB1,i3Muscles
chr12:124862497-124863595,chr12,124862497,124863595,-,SCARB1,i3Muscles
chr4:53143787-53145333,chr4,53143787,53145333,-,SCFD2,i3Neurons
chr4:128874466-128876507,chr4,128874466,128876507,-,SCLT1,i3Muscles
chr4:75982037-75984832,chr4,75982037,75984832,-,SDAD1,i3Neurons
chr7:85181287-85186677,chr7,85181287,85186677,-,SEMA3D,i3Neurons
chr15:47412472-47469226,chr15,47412472,47469226,+,SEMA6D,i3Neurons
chr15:47469299-47470474,chr15,47469299,47470474,+,SEMA6D,i3Neurons
chr4:77030970-77032457,chr4,77030970,77032457,+,SEPTIN11,i3Neurons
chr4:77032553-77034497,chr4,77032553,77034497,+,SEPTIN11,i3Neurons
chr7:45728313-45735607,chr7,45728313,45735607,-,SEPTIN7P2,i3Neurons
chr7:45729026-45735607,chr7,45729026,45735607,-,SEPTIN7P2,i3Neurons
chr7:45735670-45736787,chr7,45735670,45736787,-,SEPTIN7P2,i3Neurons
chr3:9468615-9470459,chr3,9468615,9470459,+,SETD5,i3Muscles
chr3:9468615-9470459,chr3,9468615,9470459,+,SETD5,i3Neurons
chr17:50170666-50173230,chr17,50170666,50173230,+,SGCA,i3Muscles
chr21:39509027-39515088,chr21,39509027,39515088,+,SH3BGR,i3Muscles
chr21:39509027-39515088,chr21,39509027,39515088,+,SH3BGR,i3Muscles
chr19:50708843-50711371,chr19,50708843,50711371,-,SHANK1,i3Muscles
chr3:72750836-72762906,chr3,72750836,72762906,-,SHQ1,i3Neurons
chr3:72763014-72792916,chr3,72763014,72792916,-,SHQ1,i3Neurons
chr19:37907358-38008096,chr19,37907358,38008096,+,SIPA1L3,i3Neurons
chr19:14972917-14976761,chr19,14972917,14976761,-,SLC1A6,i3Neurons
chr19:14972917-14979000,chr19,14972917,14979000,-,SLC1A6,i3Neurons
chr20:19681991-19683910,chr20,19681991,19683910,+,SLC24A3,i3Muscles
chr20:19681991-19683910,chr20,19681991,19683910,+,SLC24A3,i3Neurons
chr20:19681991-19683913,chr20,19681991,19683913,+,SLC24A3,i3Muscles
chr20:19681991-19683913,chr20,19681991,19683913,+,SLC24A3,i3Neurons
chr20:19683960-19684176,chr20,19683960,19684176,+,SLC24A3,i3Muscles
chr20:19683960-19684176,chr20,19683960,19684176,+,SLC24A3,i3Neurons
chr17:80223337-80224082,chr17,80223337,80224082,+,SLC26A11,i3Neurons
chr1:67042329-67047264,chr1,67042329,67047264,-,SLC35D1,i3Neurons
chr7:129208851-129210363,chr7,129208851,129210363,+,SMO,i3Muscles
chr16:12170735-12199601,chr16,12170735,12199601,+,SNX29,i3Muscles
chr16:12170739-12199601,chr16,12170739,12199601,+,SNX29,i3Muscles
chr8:22557278-22558129,chr8,22557278,22558129,+,SORBS3,i3Muscles
chr8:22558193-22560930,chr8,22558193,22560930,+,SORBS3,i3Muscles
chr4:7650856-7654134,chr4,7650856,7654134,+,SORCS2,i3Muscles
chr12:49497010-49500069,chr12,49497010,49500069,+,SPATS2,i3Muscles
chr12:49500205-49512862,chr12,49500205,49512862,+,SPATS2,i3Muscles
chr12:49512905-49514555,chr12,49512905,49514555,+,SPATS2,i3Muscles
chr2:219464608-219465596,chr2,219464608,219465596,+,SPEG,i3Neurons
chr2:219464668-219465595,chr2,219464668,219465595,+,SPEG,i3Muscles
chr2:219465786-219466057,chr2,219465786,219466057,+,SPEG,i3Muscles
chr2:219465786-219466057,chr2,219465786,219466057,+,SPEG,i3Neurons
chr19:2337333-2337443,chr19,2337333,2337443,+,SPPL2B,i3Neurons
chr12:119125479-119144539,chr12,119125479,119144539,+,SRRM4,i3Neurons
chr5:172057474-172061138,chr5,172057474,172061138,-,STK10,i3Muscles
chr9:133379122-133395600,chr9,133379122,133395600,+,STKLD1,i3Neurons
chr8:79611214-79616822,chr8,79611214,79616822,+,STMN2,i3Muscles
chr8:79611214-79616822,chr8,79611214,79616822,+,STMN2,i3Neurons
chr17:63706739-63710491,chr17,63706739,63710491,-,STRADA,i3Muscles
chr17:63706739-63710491,chr17,63706739,63710491,-,STRADA,i3Muscles
chr20:58694592-58694812,chr20,58694592,58694812,+,STX16-NPEPL1,i3Muscles
chr20:58694592-58694812,chr20,58694592,58694812,+,STX16-NPEPL1,i3Neurons
chr20:58694593-58695948,chr20,58694593,58695948,+,STX16-NPEPL1,i3Muscles
chr20:58694593-58698683,chr20,58694593,58698683,+,STX16-NPEPL1,i3Neurons
chr20:58696089-58698683,chr20,58696089,58698683,+,STX16-NPEPL1,i3Muscles
chr20:58697192-58698684,chr20,58697192,58698684,+,STX16-NPEPL1,i3Muscles
chr3:120908416-120909571,chr3,120908416,120909571,+,STXBP5L,i3Neurons
chr3:120908428-120909571,chr3,120908428,120909571,+,STXBP5L,i3Neurons
chr22:32672017-32864915,chr22,32672017,32864915,-,SYN3,i3Neurons
chr6:152244656-152247823,chr6,152244656,152247823,-,SYNE1,i3Neurons
chr6:152247944-152249161,chr6,152247944,152249161,-,SYNE1,i3Neurons
chr10:73648879-73650675,chr10,73648879,73650675,-,SYNPO2L,i3Muscles
chr10:73650772-73650908,chr10,73650772,73650908,-,SYNPO2L,i3Muscles
chr11:61547308-61547530,chr11,61547308,61547530,-,SYT7,i3Neurons
chr11:61547308-61547530,chr11,61547308,61547530,-,SYT7,i3Neurons
chr11:61547620-61551384,chr11,61547620,61551384,-,SYT7,i3Neurons
chr17:29534300-29534874,chr17,29534300,29534874,+,TAOK1,i3Muscles
chr17:29534928-29542561,chr17,29534928,29542561,+,TAOK1,i3Muscles
chrX:9689246-9691579,chrX,9689246,9691579,+,TBL1X,i3Neurons
chr1:23387419-23390825,chr1,23387419,23390825,-,TCEA3,i3Muscles
chr1:23387420-23392420,chr1,23387420,23392420,-,TCEA3,i3Muscles
chr1:23393608-23393879,chr1,23393608,23393879,-,TCEA3,i3Muscles
chr1:23393609-23393878,chr1,23393609,23393878,-,TCEA3,i3Muscles
chr6:44280390-44285964,chr6,44280390,44285964,-,TCTE1,i3Neurons
chr1:35588552-35589019,chr1,35588552,35589019,+,TFAP2E,i3Neurons
chr1:35589133-35589930,chr1,35589133,35589930,+,TFAP2E,i3Neurons
chr14:75959345-75960814,chr14,75959345,75960814,-,TGFB3,i3Muscles
chr14:75959345-75960814,chr14,75959345,75960814,-,TGFB3,i3Muscles
chr14:75959345-75960814,chr14,75959345,75960814,-,TGFB3,i3Neurons
chr3:9391826-9398647,chr3,9391826,9398647,-,THUMPD3-AS1,i3Muscles
chr12:43836196-43836744,chr12,43836196,43836744,+,TMEM117,i3Muscles
chr12:43836196-43836744,chr12,43836196,43836744,+,TMEM117,i3Neurons
chr12:43836901-43844624,chr12,43836901,43844624,+,TMEM117,i3Muscles
chr12:43836901-43844624,chr12,43836901,43844624,+,TMEM117,i3Neurons
chr4:932540-951207,chr4,932540,951207,+,TMEM175,i3Muscles
chr4:932540-951207,chr4,932540,951207,+,TMEM175,i3Muscles
chr4:932540-951207,chr4,932540,951207,+,TMEM175,i3Neurons
chr4:932540-951207,chr4,932540,951207,+,TMEM175,i3Neurons
chr4:948154-948411,chr4,948154,948411,+,TMEM175,i3Muscles
chr1:32095762-32100442,chr1,32095762,32100442,+,TMEM39B,i3Muscles
chr2:217804603-217807205,chr2,217804603,217807205,-,TNS1,i3Muscles
chr2:217804604-217807204,chr2,217804604,217807204,-,TNS1,i3Muscles
chr2:217807251-217808075,chr2,217807251,217808075,-,TNS1,i3Muscles
chr2:217807252-217808074,chr2,217807252,217808074,-,TNS1,i3Muscles
chr18:36787079-36794224,chr18,36787079,36794224,-,TPGS2,i3Neurons
chr14:102895200-102897260,chr14,102895200,102897260,+,TRAF3,i3Muscles
chr2:3457693-3457795,chr2,3457693,3457795,+,TRAPPC12,i3Neurons
chr2:3458515-3460263,chr2,3458515,3460263,+,TRAPPC12,i3Neurons
chr5:14489097-14492567,chr5,14489097,14492567,+,TRIO,i3Muscles
chr7:98881250-98881695,chr7,98881250,98881695,+,TRRAP,i3Muscles
chr7:98881250-98881695,chr7,98881250,98881695,+,TRRAP,i3Neurons
chr7:98881736-98881975,chr7,98881736,98881975,+,TRRAP,i3Muscles
chr11:44920000-44925716,chr11,44920000,44925716,+,TSPAN18,i3Neurons
chr11:44926180-44926366,chr11,44926180,44926366,+,TSPAN18,i3Neurons
chr11:113329808-113329920,chr11,113329808,113329920,+,TTC12,i3Neurons
chr14:75868985-75882685,chr14,75868985,75882685,+,TTLL5,i3Muscles
chr17:74252014-74252234,chr17,74252014,74252234,+,TTYH2,i3Neurons
chr18:12311053-12344049,chr18,12311053,12344049,+,TUBB6,i3Muscles
chr17:42660362-42660639,chr17,42660362,42660639,+,TUBG2,i3Muscles
chr7:67195337-67203744,chr7,67195337,67203744,+,TYW1,i3Muscles
chr11:122656210-122744155,chr11,122656210,122744155,+,UBASH3B,i3Neurons
chr6:83019136-83022479,chr6,83019136,83022479,-,UBE3D,i3Muscles
chr2:63857002-63857550,chr2,63857002,63857550,+,UGP2,i3Muscles
chr19:17623216-17623542,chr19,17623216,17623542,-,UNC13A,i3Neurons
chr19:17641556-17642414,chr19,17641556,17642414,-,UNC13A,i3Neurons
chr19:17642541-17642845,chr19,17642541,17642845,-,UNC13A,i3Neurons
chr9:35313989-35364545,chr9,35313989,35364545,+,UNC13B,i3Neurons
chr9:35364567-35366947,chr9,35364567,35366947,+,UNC13B,i3Neurons
chr16:84733503-84735056,chr16,84733503,84735056,+,USP10,i3Neurons
chr16:84735173-84740309,chr16,84735173,84740309,+,USP10,i3Neurons
chr3:179701179-179706934,chr3,179701179,179706934,+,USP13,i3Neurons
chr1:55078651-55081322,chr1,55078651,55081322,-,USP24,i3Neurons
chr1:55078651-55081322,chr1,55078651,55081322,-,USP24,i3Neurons
chr17:78836372-78836897,chr17,78836372,78836897,-,USP36,i3Neurons
chr17:78836976-78838587,chr17,78836976,78838587,-,USP36,i3Neurons
chr11:76008867-76012927,chr11,76008867,76012927,+,UVRAG,i3Neurons
chr11:61271760-61273117,chr11,61271760,61273117,-,VWCE,i3Neurons
chr2:113596582-113596671,chr2,113596582,113596671,+,WASH2P,i3Muscles
chr7:123684580-123692347,chr7,123684580,123692347,-,WASL,i3Muscles
chr7:123684580-123692347,chr7,123684580,123692347,-,WASL,i3Muscles
chr7:123684580-123692347,chr7,123684580,123692347,-,WASL,i3Neurons
chr7:123684580-123692347,chr7,123684580,123692347,-,WASL,i3Neurons
chr7:123684581-123688997,chr7,123684581,123688997,-,WASL,i3Neurons
chr2:19953978-19966724,chr2,19953978,19966724,-,WDR35,i3Muscles
chr2:19975663-19977925,chr2,19975663,19977925,-,WDR35,i3Neurons
chr2:19978167-19978751,chr2,19978167,19978751,-,WDR35,i3Neurons
chr21:42843281-42850041,chr21,42843281,42850041,-,WDR4,i3Neurons
chrX:49076750-49077837,chrX,49076750,49077837,-,WDR45,i3Muscles
chr8:31137724-31141430,chr8,31137724,31141430,+,WRN,i3Muscles
chr13:20799339-20800113,chr13,20799339,20800113,-,XPO4,i3Neurons
chr19:43561020-43575408,chr19,43561020,43575408,-,XRCC1,i3Muscles
chr16:67401065-67416171,chr16,67401065,67416171,-,ZDHHC1,i3Neurons
chr16:67401068-67416171,chr16,67401068,67416171,-,ZDHHC1,i3Neurons
chr5:840597-843600,chr5,840597,843600,-,ZDHHC11,i3Neurons
chr9:128753959-128771581,chr9,128753959,128771581,-,ZER1,i3Muscles
chr8:134637712-134645005,chr8,134637712,134645005,-,ZFAT,i3Neurons
chr16:73234062-73236799,chr16,73234062,73236799,-,ZFHX3,i3Neurons
chr5:180848082-180851381,chr5,180848082,180851381,-,ZFP62,i3Muscles
chr5:180848082-180851381,chr5,180848082,180851381,-,ZFP62,i3Muscles
chr11:58616815-58616993,chr11,58616815,58616993,+,ZFP91,i3Muscles
chr11:58617054-58617196,chr11,58617054,58617196,+,ZFP91,i3Muscles
chr11:58616815-58616993,chr11,58616815,58616993,+,ZFP91-CNTF,i3Muscles
chr11:58617054-58617196,chr11,58617054,58617196,+,ZFP91-CNTF,i3Muscles
chr20:63709164-63732003,chr20,63709164,63732003,+,ZGPAT,i3Neurons
chr6:28350389-28359524,chr6,28350389,28359524,+,ZKSCAN3,i3Neurons
chr13:19965281-19993063,chr13,19965281,19993063,+,ZMYM2,i3Muscles
chr4:343908-372664,chr4,343908,372664,+,ZNF141,i3Neurons
chr11:9472769-9473777,chr11,9472769,9473777,+,ZNF143,i3Muscles
chr19:36605347-36607552,chr19,36605347,36607552,+,ZNF382,i3Neurons
chr19:36605446-36607552,chr19,36605446,36607552,+,ZNF382,i3Neurons
chr19:36605521-36607552,chr19,36605521,36607552,+,ZNF382,i3Neurons
chr16:49638874-49640443,chr16,49638874,49640443,-,ZNF423,i3Muscles
chr16:49638874-49640443,chr16,49638874,49640443,-,ZNF423,i3Neurons
chr16:49640505-49730771,chr16,49640505,49730771,-,ZNF423,i3Muscles
chr9:106863356-106865981,chr9,106863356,106865981,+,ZNF462,i3Neurons
chr2:27380248-27380761,chr2,27380248,27380761,-,ZNF513,i3Neurons
chr18:25160673-25195159,chr18,25160673,25195159,-,ZNF521,i3Muscles
chr19:37374045-37374158,chr19,37374045,37374158,+,ZNF527,i3Neurons
chr19:36572392-36573043,chr19,36572392,36573043,-,ZNF529,i3Muscles
chr19:36572392-36573043,chr19,36572392,36573043,-,ZNF529,i3Neurons
chr19:36215190-36218121,chr19,36215190,36218121,-,ZNF565,i3Neurons
chr1:42842916-42843404,chr1,42842916,42843404,-,ZNF691-DT,i3Muscles
chr1:42843450-42844511,chr1,42843450,42844511,-,ZNF691-DT,i3Muscles
chr19:40048796-40055416,chr19,40048796,40055416,-,ZNF780B,i3Neurons
chr19:20409045-20409830,chr19,20409045,20409830,-,ZNF826P,i3Neurons
chr19:20409956-20424786,chr19,20409956,20424786,-,ZNF826P,i3Neurons